OBJECTID;CLUSTER_ID
198728.0;1
196865.0;2
202456.0;3
201726.0;4
200478.0;5
199882.0;5
201103.0;5
204338.0;6
199773.0;7
207005.0;8
201437.0;8
204960.0;9
204693.0;10
197902.0;11
208114.0;12
199530.0;13
206109.0;14
201876.0;15
199840.0;16
203492.0;17
114576.0;18
114691.0;18
114259.0;19
114719.0;19
203411.0;19
114262.0;20
207764.0;21
115060.0;22
115378.0;23
205444.0;24
197106.0;25
206119.0;26
206793.0;27
203005.0;28
206798.0;29
206124.0;30
207528.0;31
207634.0;32
203526.0;32
207936.0;33
199050.0;34
200658.0;35
207928.0;36
199232.0;36
196900.0;37
203650.0;37
203631.0;38
201047.0;37
200588.0;37
198531.0;38
204203.0;39
204035.0;39
205382.0;40
198805.0;41
202512.0;42
207326.0;43
197455.0;44
198490.0;45
114118.0;46
115732.0;46
114390.0;47
114649.0;48
114842.0;49
207214.0;50
205320.0;51
197915.0;52
208067.0;53
207548.0;54
204419.0;55
200683.0;55
197516.0;55
207474.0;56
202383.0;57
199064.0;58
208392.0;59
203018.0;60
201079.0;61
206679.0;62
203848.0;63
202808.0;64
203717.0;64
203020.0;65
200281.0;66
201608.0;67
200273.0;68
202013.0;69
203135.0;70
206063.0;71
204013.0;72
202335.0;73
201057.0;73
208796.0;74
198437.0;75
198911.0;74
200726.0;74
208320.0;76
206948.0;77
199306.0;78
199979.0;79
199348.0;80
197857.0;81
203832.0;82
199262.0;83
197219.0;84
207923.0;85
199341.0;85
200576.0;86
206131.0;85
205828.0;85
203432.0;85
206817.0;85
205744.0;85
201044.0;85
203453.0;87
200072.0;87
202255.0;88
200661.0;89
206312.0;89
208538.0;90
202224.0;91
206198.0;92
201721.0;93
202923.0;94
207725.0;95
202352.0;96
205742.0;97
199227.0;98
200221.0;99
198889.0;100
207754.0;101
204560.0;102
198507.0;103
206208.0;103
207489.0;104
197621.0;105
201330.0;106
202406.0;107
205969.0;108
202159.0;108
201461.0;109
207076.0;110
204016.0;111
203496.0;112
203011.0;113
206172.0;114
199661.0;115
203553.0;116
198118.0;117
202410.0;118
204211.0;119
198463.0;120
198953.0;120
203596.0;120
206320.0;120
197541.0;120
200239.0;121
207591.0;122
202772.0;123
200113.0;124
201121.0;125
202961.0;126
203880.0;127
198542.0;128
198699.0;127
206395.0;129
206936.0;130
198472.0;131
206464.0;132
202089.0;133
201938.0;133
201793.0;133
201212.0;133
203679.0;134
200427.0;135
200579.0;136
206174.0;136
207086.0;136
204341.0;137
197457.0;137
203003.0;138
208542.0;138
207641.0;138
199041.0;139
200015.0;140
197291.0;140
203559.0;141
204931.0;141
197504.0;142
199499.0;143
199410.0;143
200159.0;144
203713.0;145
202276.0;146
198332.0;147
198388.0;147
200992.0;147
205388.0;147
200531.0;148
204727.0;148
202289.0;149
201648.0;150
206615.0;141
201243.0;140
207250.0;151
204619.0;152
204330.0;152
207204.0;153
199415.0;152
198656.0;152
197651.0;152
197335.0;152
199204.0;154
207257.0;155
204635.0;156
206784.0;157
201224.0;158
199830.0;158
205964.0;159
203354.0;160
207652.0;161
203184.0;162
202514.0;162
197136.0;162
208765.0;162
204136.0;162
202906.0;163
201408.0;164
202347.0;165
206077.0;166
196814.0;167
200809.0;168
203395.0;169
204190.0;170
203853.0;170
197837.0;170
205940.0;170
206753.0;170
205740.0;170
205845.0;170
207361.0;171
197950.0;171
199949.0;172
205703.0;173
208179.0;173
201351.0;174
199345.0;174
200907.0;174
197267.0;174
204218.0;175
208509.0;176
199454.0;176
198668.0;177
197552.0;178
203807.0;179
201871.0;179
202240.0;180
207724.0;181
206035.0;182
199115.0;183
196922.0;184
199430.0;185
203103.0;186
205131.0;187
197686.0;185
204824.0;185
199427.0;188
197418.0;188
199987.0;188
205854.0;189
201811.0;190
198741.0;190
205371.0;191
206815.0;192
199920.0;192
202814.0;193
201267.0;194
197214.0;195
201463.0;196
206112.0;197
202411.0;198
200231.0;199
201294.0;200
198355.0;201
198180.0;201
207620.0;201
203592.0;201
205705.0;202
197924.0;203
203083.0;204
204329.0;205
200703.0;206
201361.0;206
202749.0;206
197627.0;206
198443.0;206
201131.0;206
207309.0;206
199414.0;207
199404.0;207
201927.0;208
201667.0;209
197070.0;209
114814.0;210
115016.0;211
201308.0;212
197161.0;212
201812.0;213
201085.0;214
202093.0;215
199098.0;216
197284.0;217
201527.0;217
200923.0;218
197387.0;219
207021.0;220
207436.0;220
202831.0;221
197930.0;221
207050.0;222
208239.0;223
206661.0;224
206080.0;225
206934.0;226
203786.0;227
205649.0;227
206201.0;227
204262.0;228
205316.0;229
205639.0;230
207237.0;230
114325.0;231
114947.0;232
114123.0;233
114765.0;234
115823.0;233
115723.0;235
114025.0;236
115302.0;234
205170.0;237
206932.0;238
206739.0;239
204461.0;240
199042.0;241
206206.0;242
115188.0;243
115822.0;244
202192.0;245
201289.0;246
204606.0;247
205136.0;248
206999.0;249
207855.0;250
204073.0;251
208337.0;252
115324.0;253
115390.0;253
115144.0;254
113820.0;255
206638.0;256
199880.0;256
201789.0;257
200966.0;258
201448.0;259
200699.0;260
200892.0;261
208214.0;262
200712.0;263
199542.0;264
202491.0;265
200681.0;266
208516.0;267
204304.0;268
205936.0;268
202543.0;269
198750.0;269
201358.0;269
203171.0;269
201021.0;270
199399.0;270
205704.0;270
198808.0;271
207543.0;272
199177.0;273
197911.0;274
206694.0;274
206339.0;275
203692.0;275
203576.0;275
206189.0;276
198485.0;276
206622.0;276
206913.0;277
202353.0;278
205165.0;279
201455.0;280
204554.0;281
207203.0;282
204962.0;283
202160.0;284
207948.0;285
200872.0;285
197793.0;285
201314.0;286
204405.0;287
198530.0;288
199020.0;288
205020.0;289
205177.0;290
199333.0;290
203675.0;291
196850.0;292
200217.0;293
207646.0;294
204743.0;294
206670.0;294
200267.0;295
201603.0;296
206763.0;297
202994.0;297
207700.0;297
203013.0;298
200220.0;298
204290.0;299
203000.0;300
197358.0;301
205587.0;302
198983.0;303
205735.0;304
207284.0;305
199568.0;306
208109.0;307
198861.0;307
201364.0;308
206449.0;309
202366.0;310
204863.0;311
201252.0;312
200181.0;312
200856.0;313
208170.0;313
204086.0;313
198622.0;314
199109.0;314
197079.0;314
203346.0;314
203976.0;314
203463.0;315
204564.0;315
207934.0;315
207545.0;316
198933.0;317
206602.0;318
206966.0;319
199019.0;320
203090.0;320
201613.0;321
199887.0;322
202066.0;323
207535.0;324
197981.0;324
200537.0;325
199122.0;326
207254.0;327
206760.0;327
202775.0;328
206698.0;329
204391.0;329
196981.0;329
198955.0;330
199137.0;330
206279.0;330
201710.0;331
198877.0;332
208524.0;332
197806.0;333
200962.0;334
206509.0;335
201860.0;336
201216.0;337
206430.0;338
202480.0;338
205867.0;339
200049.0;340
198809.0;341
200961.0;341
203334.0;341
204029.0;341
205313.0;342
198692.0;343
203600.0;344
204896.0;345
202368.0;346
200260.0;347
205696.0;348
203149.0;349
206848.0;350
205250.0;351
203348.0;352
197774.0;353
200695.0;354
198334.0;355
207978.0;355
200398.0;356
206519.0;357
200112.0;358
200449.0;359
204690.0;360
205566.0;360
199551.0;361
204497.0;361
205234.0;361
200885.0;362
207664.0;363
202983.0;364
208393.0;365
204792.0;365
207854.0;366
206104.0;367
203316.0;367
205976.0;368
205431.0;368
205930.0;369
203125.0;369
201162.0;369
202654.0;370
204422.0;371
206844.0;372
197250.0;373
202827.0;373
206166.0;373
206982.0;373
203148.0;374
201150.0;374
200873.0;374
200554.0;375
200062.0;376
208578.0;376
207862.0;377
206980.0;377
202552.0;377
200739.0;377
196843.0;377
201427.0;378
203641.0;379
200423.0;380
201770.0;380
204920.0;380
205203.0;381
203670.0;381
203031.0;381
199733.0;381
198265.0;381
197410.0;381
197210.0;382
201355.0;383
206618.0;384
206441.0;384
201507.0;385
199677.0;386
204536.0;386
205347.0;386
207624.0;387
198746.0;388
196869.0;389
201810.0;389
201917.0;389
202168.0;389
202929.0;389
202493.0;390
114655.0;390
208335.0;391
207332.0;392
204789.0;393
206856.0;394
197752.0;395
200985.0;395
204514.0;396
206954.0;397
200945.0;398
203084.0;398
199572.0;399
198793.0;398
200894.0;400
197929.0;401
197012.0;401
208769.0;402
198069.0;403
206002.0;404
205300.0;405
198448.0;406
202524.0;407
203034.0;407
202175.0;408
208367.0;409
205517.0;409
204748.0;410
203006.0;411
201287.0;412
199353.0;413
197150.0;412
204093.0;412
198206.0;412
204314.0;414
199767.0;415
205749.0;416
199541.0;417
199505.0;418
204424.0;419
206421.0;420
114654.0;421
114266.0;422
207794.0;423
204739.0;423
208100.0;424
202516.0;425
199179.0;425
204198.0;426
202730.0;427
201228.0;427
201081.0;427
202361.0;428
208500.0;429
204569.0;430
200900.0;431
207954.0;432
203849.0;433
203253.0;434
202861.0;435
204747.0;436
200741.0;436
201257.0;437
200347.0;438
197741.0;438
206832.0;439
207408.0;440
200272.0;441
204449.0;442
198518.0;442
203931.0;443
201089.0;444
207613.0;445
208326.0;446
200085.0;446
197953.0;446
205422.0;446
203436.0;446
200173.0;446
205987.0;447
202870.0;448
207666.0;448
199196.0;449
204740.0;450
200512.0;451
206957.0;452
205339.0;452
205895.0;453
206099.0;454
205078.0;454
199077.0;454
206930.0;455
205956.0;456
203152.0;457
199426.0;457
198907.0;458
201391.0;458
198353.0;459
200120.0;459
205460.0;459
200967.0;460
200817.0;461
205309.0;461
208391.0;462
202364.0;463
198345.0;464
200580.0;465
201943.0;466
205756.0;467
205267.0;468
206242.0;469
203837.0;470
205586.0;471
202910.0;472
208832.0;473
208517.0;474
199653.0;474
200368.0;474
198320.0;474
200670.0;475
197281.0;475
114758.0;476
205110.0;477
204652.0;477
203378.0;477
202111.0;477
199460.0;477
203854.0;477
197419.0;478
203275.0;479
202081.0;480
207727.0;481
203801.0;482
205972.0;482
198914.0;483
205192.0;483
204249.0;483
200888.0;483
203365.0;484
202652.0;485
197814.0;486
196950.0;486
202975.0;487
199164.0;487
196881.0;487
206561.0;488
206067.0;488
197086.0;489
205687.0;489
201784.0;490
196842.0;491
200560.0;492
197730.0;492
203289.0;492
199224.0;493
206259.0;494
198271.0;495
201065.0;495
206281.0;496
198819.0;496
202695.0;497
198854.0;498
199982.0;499
205121.0;499
199795.0;499
202200.0;500
204381.0;501
208004.0;502
206938.0;503
201416.0;503
200585.0;504
207714.0;505
205644.0;506
197429.0;507
203702.0;508
202145.0;509
198709.0;510
199022.0;510
207991.0;510
208327.0;510
208025.0;511
204731.0;512
198570.0;513
201169.0;513
199049.0;514
199302.0;514
196943.0;513
201680.0;513
197918.0;514
197588.0;515
196888.0;516
197016.0;516
203726.0;516
199662.0;517
200092.0;517
203509.0;517
198047.0;518
197083.0;519
199536.0;520
205809.0;520
198096.0;521
199692.0;521
200282.0;521
201771.0;521
205018.0;521
205658.0;521
200208.0;522
206571.0;523
208431.0;524
197926.0;525
206593.0;526
197999.0;526
204575.0;527
205960.0;528
201042.0;528
200241.0;529
201472.0;529
202925.0;530
201088.0;531
205747.0;532
198135.0;533
207819.0;534
202157.0;534
201145.0;534
198468.0;535
199664.0;536
202367.0;536
207678.0;537
201604.0;538
200566.0;539
201924.0;540
196846.0;540
196964.0;541
207949.0;542
206862.0;543
206646.0;544
205119.0;545
207856.0;546
202562.0;547
203947.0;548
198124.0;549
197676.0;550
200857.0;551
201166.0;552
201980.0;552
198842.0;553
199234.0;554
198066.0;555
205473.0;556
201225.0;557
199833.0;557
206004.0;557
113883.0;558
114141.0;558
114383.0;558
114616.0;558
114892.0;558
115011.0;558
115068.0;558
115108.0;558
115211.0;558
115649.0;558
115722.0;558
202936.0;558
198209.0;559
199925.0;559
202760.0;559
201052.0;560
201332.0;560
206579.0;561
197990.0;562
208299.0;563
198713.0;564
198775.0;564
202010.0;565
200997.0;566
114162.0;567
114900.0;567
115153.0;567
197940.0;567
202528.0;567
113277.0;568
199090.0;569
202019.0;570
206204.0;571
199952.0;572
207399.0;573
197259.0;574
203051.0;575
114425.0;576
112902.0;576
198058.0;577
198923.0;578
196868.0;579
205750.0;580
206885.0;581
201714.0;582
204397.0;583
203770.0;583
207166.0;584
203158.0;584
208359.0;584
199610.0;585
205220.0;585
204923.0;585
208249.0;585
204453.0;586
207000.0;586
200163.0;587
202432.0;587
113631.0;588
114434.0;588
114969.0;588
115481.0;588
203760.0;589
204070.0;589
205738.0;590
198435.0;591
198618.0;592
208518.0;593
206491.0;593
200383.0;594
196937.0;595
199781.0;595
201219.0;595
208221.0;595
198411.0;596
202550.0;597
202726.0;597
200124.0;597
207670.0;597
205963.0;597
204632.0;598
198159.0;599
198899.0;599
201151.0;600
208227.0;601
207476.0;601
200910.0;601
197093.0;602
199176.0;602
200518.0;603
206095.0;604
205420.0;605
207004.0;606
208387.0;607
196840.0;608
201539.0;609
198099.0;609
203734.0;610
205589.0;611
203640.0;612
202136.0;612
207106.0;613
197405.0;614
114571.0;615
114596.0;615
203589.0;616
203725.0;617
196956.0;617
203751.0;617
198349.0;617
206450.0;618
198567.0;618
198310.0;619
198582.0;618
198086.0;620
198344.0;621
114803.0;622
115020.0;622
206915.0;623
197906.0;624
206298.0;624
115583.0;625
206744.0;625
203579.0;626
200636.0;627
207113.0;628
201593.0;629
207607.0;630
205979.0;630
207105.0;631
204048.0;632
200394.0;633
204723.0;634
197952.0;635
204272.0;635
205722.0;636
207674.0;637
208201.0;637
208356.0;637
207853.0;637
207311.0;638
200417.0;638
202693.0;639
203779.0;640
204796.0;641
200329.0;642
197313.0;643
196822.0;644
201602.0;644
202798.0;644
203197.0;644
206444.0;644
199911.0;645
203428.0;645
203697.0;645
204765.0;646
200733.0;646
203368.0;647
114738.0;648
208248.0;649
207485.0;649
202429.0;650
202796.0;651
201348.0;652
202071.0;653
199888.0;654
197535.0;655
205396.0;656
206030.0;657
197258.0;658
197440.0;658
198502.0;658
199526.0;658
200401.0;658
203940.0;658
203955.0;658
204053.0;658
199065.0;659
197392.0;660
197495.0;660
201612.0;660
202556.0;660
204475.0;660
206683.0;660
204140.0;661
208306.0;662
205816.0;663
198663.0;664
197596.0;664
199528.0;665
200412.0;666
201399.0;667
201781.0;668
199298.0;669
205172.0;670
208009.0;671
205083.0;671
200467.0;671
114196.0;672
205438.0;673
208224.0;674
206494.0;675
199994.0;676
203068.0;677
201725.0;678
201239.0;679
206171.0;679
202457.0;680
206724.0;681
198109.0;682
205425.0;682
199282.0;683
199779.0;684
198393.0;685
202653.0;686
197845.0;687
200944.0;688
208568.0;688
206750.0;689
197244.0;690
207302.0;690
203712.0;691
202312.0;692
205836.0;693
199002.0;693
198207.0;693
207058.0;693
205585.0;694
114373.0;695
202268.0;696
196849.0;697
197895.0;697
205219.0;697
205355.0;698
114068.0;699
197261.0;700
205578.0;700
205939.0;700
208385.0;700
197023.0;701
202388.0;701
206766.0;701
197151.0;702
206810.0;702
198157.0;702
205190.0;703
201190.0;703
206416.0;703
201049.0;704
207016.0;705
206864.0;706
204688.0;707
204232.0;708
206624.0;709
202298.0;709
201905.0;710
115458.0;711
115524.0;711
208155.0;711
114638.0;711
207265.0;712
203784.0;712
201018.0;713
205139.0;714
205869.0;715
204254.0;716
204627.0;716
198726.0;717
201550.0;718
202218.0;719
204661.0;720
207834.0;720
205775.0;720
205568.0;720
202924.0;721
199274.0;721
202745.0;722
207737.0;723
206941.0;724
200975.0;725
204964.0;726
203820.0;726
203416.0;726
207922.0;727
201715.0;728
198710.0;729
207064.0;730
200226.0;730
205634.0;731
201707.0;732
114636.0;733
114427.0;734
114951.0;735
197353.0;736
207929.0;737
203651.0;738
207723.0;739
203104.0;740
197713.0;741
207514.0;742
208786.0;743
207553.0;744
206356.0;745
202886.0;746
206960.0;747
204590.0;748
114704.0;749
114594.0;749
201802.0;750
205109.0;751
208386.0;752
198095.0;753
204426.0;753
207680.0;754
206680.0;754
200385.0;754
200725.0;755
199459.0;756
115827.0;757
201882.0;758
204236.0;759
203556.0;759
201311.0;760
197640.0;761
207688.0;762
197113.0;763
206517.0;764
200926.0;765
202234.0;765
207766.0;766
204011.0;767
199545.0;768
207154.0;768
207611.0;769
203505.0;770
199615.0;770
205759.0;771
200805.0;772
205560.0;773
201111.0;774
206164.0;775
204541.0;776
197719.0;777
208284.0;778
201447.0;778
202913.0;779
207201.0;780
207653.0;781
208024.0;782
204021.0;783
199771.0;784
201922.0;785
207433.0;786
198085.0;786
203314.0;787
198715.0;788
197779.0;789
204787.0;790
206293.0;791
207933.0;792
200339.0;791
200820.0;793
197461.0;794
201466.0;795
201830.0;795
205758.0;795
197375.0;796
197799.0;796
199683.0;796
200653.0;797
200804.0;798
204785.0;799
205198.0;799
201654.0;800
204674.0;801
202100.0;802
206835.0;803
197254.0;804
196817.0;804
204512.0;805
205040.0;806
201327.0;807
206621.0;807
197766.0;808
199250.0;808
204548.0;808
206428.0;808
202204.0;809
206401.0;810
200136.0;811
205583.0;812
202447.0;813
114195.0;814
114033.0;815
204418.0;816
208581.0;817
208417.0;817
208030.0;817
208508.0;818
198957.0;819
205732.0;820
201070.0;821
200521.0;822
207081.0;823
199912.0;824
202981.0;825
206855.0;826
201665.0;827
200080.0;828
197715.0;829
202874.0;830
207979.0;831
205553.0;831
208523.0;832
199030.0;833
206919.0;834
200452.0;835
205581.0;836
199535.0;836
202732.0;837
200610.0;838
200286.0;839
199117.0;840
198425.0;841
197991.0;842
198422.0;842
199251.0;842
203049.0;842
203123.0;842
204241.0;842
205497.0;842
208436.0;842
199863.0;843
208148.0;844
202495.0;845
200191.0;846
204182.0;847
208382.0;847
198068.0;848
200617.0;848
204257.0;842
200773.0;849
197805.0;849
208041.0;849
206577.0;849
206220.0;849
202075.0;849
208246.0;849
202118.0;850
197790.0;849
201572.0;849
115319.0;851
207842.0;852
206211.0;853
202880.0;853
201087.0;853
200707.0;853
206604.0;854
207347.0;854
203793.0;854
204041.0;854
201457.0;855
199931.0;856
200223.0;856
199543.0;857
199449.0;858
199672.0;859
201617.0;859
205001.0;859
202892.0;860
204068.0;861
199595.0;862
207180.0;863
197617.0;864
198644.0;865
205889.0;866
198596.0;866
200302.0;867
207902.0;867
202294.0;867
207627.0;868
114379.0;869
114754.0;869
115252.0;869
115386.0;869
198301.0;869
203970.0;870
206252.0;871
201393.0;872
200157.0;873
203716.0;873
203695.0;874
206988.0;874
200555.0;849
197396.0;849
203238.0;875
207708.0;876
197125.0;877
203491.0;878
198524.0;879
199864.0;879
197167.0;880
196859.0;881
197443.0;881
204953.0;881
208232.0;881
203924.0;882
205279.0;883
207057.0;884
208090.0;885
208053.0;886
198595.0;887
205948.0;888
198731.0;889
199727.0;890
196885.0;890
198318.0;891
205022.0;892
207356.0;892
207561.0;893
199114.0;894
114122.0;895
115618.0;895
115126.0;895
114504.0;895
114293.0;896
114762.0;896
115463.0;896
204276.0;897
202023.0;897
205477.0;898
205412.0;899
201632.0;900
199480.0;901
199516.0;901
199604.0;901
200056.0;901
201640.0;901
204721.0;901
205486.0;902
114189.0;903
114536.0;903
204014.0;903
208328.0;903
197463.0;904
202265.0;905
206515.0;906
202490.0;901
114296.0;907
114548.0;907
114833.0;907
208775.0;908
198587.0;909
200343.0;909
115158.0;910
203242.0;911
204111.0;911
115417.0;912
200727.0;913
205211.0;913
204732.0;913
204383.0;913
201376.0;914
207517.0;915
204677.0;916
202711.0;916
205582.0;916
200087.0;917
202505.0;918
115558.0;919
115517.0;919
198844.0;920
199486.0;920
199582.0;920
202037.0;920
204550.0;920
206564.0;920
208331.0;920
208208.0;921
204146.0;922
203474.0;923
200835.0;923
202110.0;924
198193.0;925
206344.0;925
208354.0;926
203517.0;927
198372.0;928
197433.0;929
198168.0;929
206707.0;930
199873.0;930
204114.0;931
198004.0;931
201625.0;932
200569.0;933
203587.0;933
205282.0;933
203385.0;934
200659.0;934
197019.0;934
201607.0;935
205462.0;935
206549.0;936
203632.0;936
197171.0;937
205181.0;938
199951.0;939
199235.0;940
205010.0;941
201275.0;942
204685.0;942
204187.0;943
208403.0;943
201782.0;944
205522.0;944
196930.0;945
202597.0;946
203088.0;946
204332.0;946
199937.0;947
201972.0;947
203830.0;948
114729.0;949
115746.0;949
115667.0;950
114161.0;951
114109.0;951
112892.0;951
115345.0;951
114399.0;952
115235.0;952
115608.0;952
205974.0;953
204117.0;954
202114.0;955
206823.0;955
202895.0;956
205918.0;956
206191.0;957
197717.0;958
196992.0;958
203862.0;958
201733.0;958
206518.0;958
198235.0;959
197003.0;960
202577.0;960
197886.0;961
205825.0;962
197649.0;963
204797.0;963
200621.0;964
114757.0;965
203369.0;966
198034.0;966
202074.0;967
115029.0;968
203822.0;969
197001.0;969
205263.0;970
199619.0;971
206636.0;972
207974.0;973
197601.0;973
199168.0;974
207533.0;974
207600.0;975
201173.0;976
204348.0;976
204259.0;977
198488.0;978
207521.0;978
197338.0;979
201178.0;980
201501.0;981
197400.0;982
201806.0;982
203683.0;982
208430.0;983
207913.0;983
205530.0;983
198939.0;983
203102.0;983
201925.0;983
200808.0;983
198286.0;984
201669.0;984
200760.0;985
196997.0;986
207596.0;986
202007.0;987
201514.0;988
197505.0;989
206414.0;989
197959.0;990
199500.0;991
199217.0;992
198554.0;993
207882.0;993
201108.0;993
199797.0;993
203176.0;993
202044.0;994
207663.0;995
205469.0;996
199670.0;997
200171.0;998
205011.0;999
198886.0;999
206182.0;1000
204392.0;1000
206313.0;1001
197557.0;1002
206265.0;1002
205577.0;1003
199423.0;1003
206665.0;1003
207953.0;1003
208165.0;1003
207333.0;1004
199834.0;1005
204874.0;1006
114213.0;1007
115593.0;1007
197474.0;1008
197698.0;1008
197787.0;1008
203067.0;1008
201997.0;1008
203456.0;1009
197149.0;1010
198459.0;1011
202595.0;1012
114370.0;1013
200983.0;1014
203778.0;1015
202506.0;1016
206587.0;1017
197271.0;1017
205652.0;1018
206190.0;1019
204268.0;1020
198108.0;1021
208334.0;1021
204746.0;1021
206674.0;1021
207312.0;1021
199585.0;1022
201518.0;1022
206652.0;1023
202920.0;1024
207441.0;1025
205932.0;1025
201940.0;1026
206903.0;1027
208218.0;1027
203809.0;1028
205830.0;1029
114177.0;1030
115323.0;1030
115582.0;1030
115657.0;1030
115830.0;1030
206671.0;1031
203831.0;1032
201599.0;1033
203410.0;1034
205491.0;1035
205993.0;1036
200013.0;1037
202438.0;1038
206666.0;1039
206076.0;1039
200141.0;1040
204110.0;1040
205296.0;1040
201411.0;1041
198776.0;1042
205442.0;1042
203662.0;1042
202894.0;1043
201134.0;1044
200131.0;1044
199303.0;1045
201016.0;1045
205541.0;1045
206372.0;1045
206743.0;1045
200864.0;1046
205572.0;1046
208536.0;1047
207691.0;1047
199451.0;1047
197235.0;1047
203912.0;1047
207077.0;1048
199697.0;1049
201001.0;1050
207996.0;1050
205470.0;1051
199072.0;1052
200485.0;1052
114073.0;1053
114393.0;1053
114533.0;1053
115479.0;1053
115596.0;1053
205903.0;1054
204109.0;1054
196856.0;1053
198406.0;1053
200235.0;1055
203930.0;1056
113516.0;1057
113235.0;1057
208823.0;1058
197448.0;1059
200077.0;1060
203258.0;1061
202237.0;1062
208840.0;1062
197701.0;1063
200775.0;1064
205329.0;1065
201589.0;1066
205665.0;1067
206916.0;1067
205858.0;1065
201717.0;1068
208473.0;1068
201858.0;1069
199370.0;1070
206181.0;1071
205273.0;1072
205092.0;1072
200604.0;1073
196826.0;1074
198451.0;1075
202112.0;1076
197262.0;1077
204819.0;1077
205238.0;1078
207136.0;1079
208545.0;1080
207107.0;1081
199807.0;1082
205390.0;1082
197384.0;1083
199045.0;1084
197623.0;1085
206639.0;1086
202921.0;1087
203563.0;1087
207823.0;1088
199502.0;1089
200780.0;1090
198214.0;1090
115193.0;1091
115179.0;1091
113960.0;1091
115063.0;1091
115606.0;1092
114786.0;1092
114082.0;1092
115239.0;1093
197162.0;1094
200111.0;1095
201703.0;1094
201752.0;1096
202928.0;1097
201155.0;1098
201260.0;1099
205616.0;1099
206522.0;1099
206839.0;1100
201403.0;1100
204246.0;1101
197928.0;1101
197849.0;1101
197213.0;1102
199991.0;1102
205811.0;1102
203624.0;1103
207150.0;1103
205529.0;1104
200206.0;1104
199358.0;1105
208163.0;1106
197841.0;1107
204370.0;1107
208787.0;1107
208853.0;1107
201890.0;1108
206235.0;1108
115265.0;1109
207287.0;1110
202833.0;1111
200438.0;1112
199141.0;1113
206276.0;1114
198189.0;1115
198546.0;1116
201470.0;1116
198696.0;1117
197802.0;1118
197866.0;1118
199127.0;1118
205087.0;1119
206311.0;1120
207986.0;1120
202086.0;1121
202564.0;1122
207278.0;1123
208313.0;1124
198063.0;1125
200656.0;1126
199567.0;1127
201051.0;1128
202101.0;1129
200335.0;1130
199612.0;1131
204525.0;1132
208291.0;1132
197411.0;1133
198131.0;1134
197629.0;1135
198154.0;1135
198279.0;1135
198834.0;1135
203054.0;1135
205754.0;1135
202797.0;1136
199444.0;1137
199297.0;1137
197480.0;1137
206037.0;1137
207582.0;1138
204947.0;1138
206859.0;1139
197496.0;1140
199368.0;1141
196925.0;1118
204830.0;1142
204683.0;1143
207453.0;1144
198484.0;1145
200601.0;1145
202227.0;1145
204047.0;1146
204940.0;1147
198377.0;1148
114063.0;1149
207679.0;1150
207984.0;1150
198664.0;1151
203928.0;1152
201031.0;1153
206439.0;1154
205401.0;1154
203893.0;1155
200565.0;1156
199190.0;1156
201136.0;1156
203949.0;1157
114130.0;1158
115757.0;1158
197008.0;1158
202070.0;1158
203306.0;1158
114120.0;1159
202901.0;1160
197671.0;1161
114046.0;1161
204118.0;1162
201054.0;1163
197969.0;1164
200142.0;1164
201565.0;1165
204134.0;1165
206408.0;1166
200815.0;1167
114086.0;1168
114862.0;1168
202581.0;1168
114311.0;1169
115391.0;1169
206504.0;1170
196912.0;1171
206244.0;1172
208497.0;1172
197272.0;1173
205260.0;1174
208104.0;1174
197334.0;1174
197388.0;1174
198340.0;1174
198774.0;1174
201236.0;1174
202306.0;1174
202784.0;1174
203665.0;1174
204745.0;1174
205395.0;1174
205457.0;1174
205513.0;1174
206530.0;1174
207279.0;1174
207658.0;1175
205838.0;1175
202446.0;1176
197534.0;1177
204362.0;1177
204365.0;1178
206176.0;1179
205436.0;1180
201658.0;1180
199093.0;1180
199034.0;1181
197735.0;1182
208345.0;1183
199890.0;1183
199875.0;1184
201439.0;1185
206976.0;1186
197352.0;1187
203303.0;1188
202978.0;1188
198486.0;1188
197025.0;1188
208049.0;1188
204623.0;1188
203118.0;1188
205878.0;1188
199433.0;1189
196848.0;1189
200744.0;1189
208513.0;1189
197165.0;1190
207945.0;1190
202015.0;1191
198723.0;1192
114419.0;1193
114066.0;1193
202454.0;1194
202451.0;1194
201480.0;1194
205881.0;1195
208450.0;1196
204513.0;1197
206357.0;1198
205506.0;1198
203063.0;1198
201068.0;1198
200294.0;1198
198253.0;1199
208231.0;1199
208457.0;1200
197027.0;1200
198151.0;1201
202002.0;1201
202319.0;1202
197458.0;1203
200250.0;1203
201250.0;1203
200006.0;1204
198303.0;1204
203876.0;1204
203593.0;1204
202166.0;1204
204121.0;1205
208215.0;1205
200276.0;1206
206307.0;1207
207123.0;1207
196932.0;1207
198089.0;1207
198489.0;1207
203026.0;1208
207093.0;1209
199666.0;1209
197624.0;1209
200185.0;1209
202531.0;1209
207295.0;1210
198820.0;1210
204598.0;1210
203923.0;1210
201706.0;1210
202154.0;1211
208512.0;1212
202604.0;1213
206403.0;1039
198760.0;1039
115443.0;1039
202409.0;1214
200180.0;1215
197524.0;1188
202678.0;1216
207427.0;1216
206275.0;1217
205929.0;1218
205916.0;1218
198885.0;1219
203180.0;1219
203527.0;1219
204451.0;1219
206120.0;1219
196927.0;1220
201794.0;1221
113314.0;1222
114835.0;1222
199799.0;1222
204055.0;1223
205292.0;1224
198685.0;1225
203672.0;1226
199201.0;1226
205439.0;1226
199377.0;1227
203851.0;1226
201502.0;1226
197602.0;1228
207943.0;1226
202198.0;1229
208442.0;1230
207897.0;1230
206016.0;1231
200052.0;1232
197604.0;1233
200176.0;1233
204751.0;1233
208126.0;1233
204380.0;1234
208130.0;1234
207046.0;1235
199642.0;1235
201026.0;1235
200603.0;1236
202384.0;1237
200714.0;1238
208309.0;1238
208415.0;1239
202949.0;1240
205762.0;1241
197962.0;1242
202968.0;1243
201368.0;1243
199334.0;1243
206981.0;1243
205689.0;1243
203552.0;1243
206123.0;1244
201179.0;1244
199318.0;1244
198172.0;1244
202541.0;1245
202980.0;1246
200514.0;1247
208437.0;1248
203743.0;1249
203901.0;1250
199747.0;1251
199128.0;1252
199389.0;1253
201904.0;1254
204535.0;1255
203865.0;1255
205736.0;1256
205277.0;1257
200559.0;1258
198278.0;1258
205857.0;1258
197320.0;1258
199796.0;1259
200306.0;1260
203212.0;1260
197193.0;1260
205603.0;1260
197351.0;1261
200071.0;1261
207079.0;1262
205256.0;1263
207957.0;1263
199793.0;1263
199640.0;1264
199772.0;1264
199690.0;1265
201249.0;1266
204826.0;1266
201541.0;1267
198869.0;1267
204305.0;1267
203226.0;1267
201950.0;1267
208842.0;1268
197274.0;1268
203187.0;1269
202461.0;1269
201520.0;1269
205861.0;1269
205656.0;1269
200411.0;1269
205876.0;1270
206828.0;1271
207993.0;1271
197925.0;1272
204566.0;1271
204549.0;1273
198839.0;1273
205209.0;1273
205839.0;1273
207971.0;1274
203269.0;1274
206886.0;1275
198718.0;1275
207366.0;1276
199193.0;1276
202637.0;1276
208399.0;1276
202660.0;1277
198396.0;1278
198883.0;1278
198148.0;1279
202382.0;1279
202608.0;1279
207915.0;1279
202350.0;1279
205433.0;1279
205231.0;1279
208086.0;1279
203462.0;1279
205818.0;1280
197746.0;1281
198659.0;1281
199489.0;1281
201636.0;1281
208802.0;1281
201412.0;1282
202424.0;1283
206525.0;1284
198457.0;1285
201586.0;1286
203629.0;1287
199644.0;1287
205755.0;1288
198522.0;1289
197789.0;1289
203776.0;1289
203357.0;1289
208187.0;1290
198017.0;1291
201328.0;1292
206003.0;1293
208773.0;1294
199166.0;1295
200930.0;1295
205959.0;1295
206500.0;1295
197734.0;1296
202951.0;1297
204123.0;1298
203397.0;1298
199852.0;1298
207771.0;1298
206945.0;1298
204530.0;1298
205006.0;1299
200274.0;1300
201119.0;1301
205544.0;1301
207667.0;1301
199537.0;1302
208207.0;1302
206544.0;1302
199095.0;1303
200332.0;1303
202284.0;1303
205206.0;1303
198381.0;1303
204948.0;1303
199962.0;1303
199763.0;1304
205386.0;1305
206900.0;1306
199523.0;1307
200506.0;1308
204799.0;1309
208085.0;1309
208134.0;1309
206551.0;1310
203838.0;1310
205130.0;1311
197062.0;1312
198070.0;1313
204488.0;1313
201944.0;1314
201606.0;1315
202197.0;1316
200074.0;1317
199443.0;1318
203500.0;1318
207469.0;1318
200563.0;1319
207327.0;1320
208384.0;1321
196936.0;1322
207547.0;1323
204251.0;1324
198865.0;1325
202719.0;1326
199395.0;1327
200979.0;1327
205764.0;1328
199200.0;1329
197092.0;1330
204112.0;1330
199221.0;1331
204009.0;1331
204945.0;1332
200612.0;1332
206526.0;1333
202810.0;1334
203990.0;1335
206476.0;1336
198217.0;1337
201875.0;1337
207300.0;1337
202647.0;1338
198970.0;1338
198882.0;1338
200104.0;1339
198317.0;1339
207491.0;1339
204492.0;1340
203962.0;1340
206705.0;1340
206580.0;1340
205875.0;1340
207383.0;1340
203151.0;1341
202277.0;1342
204803.0;1342
205143.0;1342
198146.0;1343
197885.0;1344
208153.0;1344
201495.0;1345
206497.0;1346
198395.0;1347
200690.0;1347
203147.0;1347
207371.0;1347
207743.0;1347
202189.0;1347
200373.0;1348
200480.0;1349
208336.0;1348
197421.0;1350
197850.0;1350
200279.0;1351
207673.0;1351
199361.0;1352
200938.0;1353
201662.0;1354
198829.0;1354
198878.0;1354
203380.0;1354
200470.0;1355
201259.0;1355
202452.0;1356
205925.0;1356
202988.0;1357
204091.0;1357
207387.0;1357
202591.0;1358
207084.0;1358
202034.0;1359
200593.0;1360
198018.0;1358
201197.0;1361
202414.0;1361
206451.0;1362
203530.0;1363
207413.0;1364
205803.0;1365
201101.0;1365
199237.0;1366
197853.0;1367
197749.0;1367
202340.0;1368
203612.0;1368
206714.0;1368
197058.0;1369
203814.0;1370
203457.0;1370
202974.0;1370
198828.0;1371
198686.0;1372
199474.0;1373
200177.0;1374
199954.0;1374
198754.0;1375
198366.0;1376
201505.0;1377
204713.0;1378
198390.0;1379
198566.0;1379
204343.0;1379
202055.0;1380
205400.0;1381
202815.0;1382
208486.0;1383
205108.0;1384
200951.0;1385
200516.0;1386
205124.0;1386
204928.0;1386
202825.0;1386
202057.0;1387
208222.0;1388
207879.0;1389
205950.0;1389
204168.0;1390
197908.0;1391
198634.0;1392
202174.0;1393
198152.0;1393
204596.0;1393
204726.0;1394
206435.0;1394
207438.0;1394
201114.0;1395
205824.0;1395
200671.0;1396
196963.0;1397
198478.0;1397
200772.0;1397
206756.0;1397
207045.0;1397
197700.0;1398
206192.0;1399
197567.0;1400
198521.0;1400
203443.0;1401
205891.0;1402
203076.0;1402
196993.0;1402
199495.0;1402
203230.0;1402
203869.0;1402
200904.0;1403
200692.0;1404
198797.0;1405
115793.0;1406
205617.0;1407
197143.0;1408
198984.0;1408
198316.0;1409
197340.0;1410
203966.0;1410
207924.0;1410
198078.0;1411
204644.0;1412
201723.0;1412
197825.0;1413
197785.0;1414
207384.0;1415
200328.0;1416
114637.0;1417
115137.0;1417
114156.0;1417
115097.0;1417
115331.0;1417
115380.0;1417
115429.0;1417
202927.0;1417
198444.0;1418
197731.0;1419
205800.0;1419
200834.0;1419
200906.0;1419
203723.0;1419
207638.0;1420
208147.0;1421
199719.0;1421
202280.0;1422
204958.0;1422
205399.0;1422
205003.0;1423
202378.0;1424
197438.0;1425
199686.0;1426
197523.0;1427
204702.0;1427
204950.0;1427
198703.0;1428
207720.0;1429
205086.0;1430
207244.0;1431
203501.0;1431
204178.0;1431
207844.0;1431
197586.0;1431
207388.0;1432
203889.0;1433
204126.0;1433
208323.0;1434
207461.0;1435
205293.0;1436
203399.0;1437
202000.0;1438
201657.0;1439
208138.0;1440
197298.0;1441
202138.0;1442
199344.0;1443
201283.0;1443
203455.0;1443
206241.0;1443
200212.0;1444
203874.0;1445
203908.0;1446
204734.0;1447
205546.0;1448
207259.0;1449
200175.0;1450
200688.0;1450
204166.0;1450
204759.0;1451
206965.0;1452
114967.0;1453
201748.0;1454
196916.0;1455
198771.0;1455
206284.0;1455
207871.0;1455
115254.0;1456
197670.0;1457
199529.0;1458
204760.0;1459
200460.0;1460
207251.0;1460
205821.0;1461
204977.0;1462
205765.0;1463
208213.0;1464
204780.0;1465
199716.0;1465
204075.0;1466
207619.0;1467
205923.0;1468
197781.0;1468
196933.0;1468
206355.0;1468
199714.0;1469
201422.0;1470
201061.0;1471
206553.0;1472
204279.0;1473
207073.0;1474
202321.0;1475
197081.0;1476
205337.0;1477
206498.0;1478
206426.0;1479
204908.0;1480
200863.0;1480
202123.0;1481
198221.0;1482
202675.0;1483
198434.0;1484
199734.0;1485
197674.0;1485
200734.0;1486
207373.0;1487
197412.0;1488
203423.0;1489
208105.0;1490
115490.0;1491
114095.0;1492
115268.0;1493
114199.0;1493
114307.0;1494
114226.0;1494
200497.0;1495
208456.0;1495
207798.0;1495
199310.0;1496
207985.0;1497
200544.0;1498
202883.0;1498
203708.0;1499
200003.0;1499
199082.0;1499
198623.0;1499
114784.0;1500
114621.0;1500
205826.0;1501
205056.0;1502
115733.0;1502
200715.0;1503
202681.0;1504
203255.0;1504
205685.0;1504
206258.0;1504
198818.0;1505
202787.0;1506
115714.0;1507
115176.0;1507
199094.0;1508
205100.0;1509
204342.0;1510
114251.0;1511
115388.0;1511
115423.0;1511
114912.0;1512
203127.0;1513
202431.0;1514
198875.0;1515
206824.0;1515
207374.0;1515
205515.0;1516
200007.0;1517
204071.0;1518
200121.0;1518
203033.0;1519
208426.0;1520
202079.0;1521
203300.0;1521
205241.0;1521
205452.0;1521
201456.0;1519
205984.0;1522
198629.0;1523
203565.0;1524
204131.0;1524
203709.0;1525
200036.0;1526
114314.0;1527
114866.0;1527
114992.0;1527
115154.0;1527
208068.0;1528
202242.0;1529
200821.0;1530
202612.0;1531
204031.0;1532
204901.0;1533
205306.0;1534
206434.0;1535
208375.0;1536
203490.0;1537
199956.0;1538
200937.0;1539
207358.0;1539
202729.0;1540
201073.0;1541
201373.0;1541
197777.0;1541
205288.0;1542
203597.0;1543
199102.0;1544
205244.0;1545
202890.0;1546
205670.0;1546
200376.0;1547
201535.0;1547
202124.0;1547
204865.0;1547
208312.0;1547
202115.0;1548
201987.0;1549
205411.0;1550
199254.0;1551
202038.0;1551
204654.0;1551
206514.0;1552
115660.0;1553
113484.0;1554
115533.0;1555
203391.0;1555
113046.0;1556
204893.0;1557
200187.0;1558
198598.0;1559
200503.0;1560
201856.0;1561
206326.0;1561
207030.0;1562
200882.0;1563
202036.0;1563
200838.0;1563
204835.0;1563
206703.0;1564
201691.0;1565
198222.0;1566
199570.0;1567
200749.0;1568
197829.0;1569
201651.0;1569
198903.0;1570
199630.0;1570
114040.0;1571
114060.0;1571
114574.0;1571
115669.0;1571
115234.0;1572
196947.0;1573
207604.0;1574
204552.0;1575
205938.0;1576
201585.0;1577
200022.0;1578
207782.0;1578
197471.0;1579
206360.0;1580
200654.0;1581
205094.0;1582
205946.0;1583
207496.0;1584
202140.0;1585
206216.0;1586
203951.0;1587
201826.0;1588
200389.0;1588
200893.0;1589
207102.0;1589
204253.0;1590
203442.0;1591
207094.0;1591
200620.0;1592
203017.0;1593
204247.0;1594
203920.0;1594
196966.0;1595
207345.0;1596
207937.0;1597
207635.0;1598
198535.0;1599
207731.0;1599
204378.0;1600
205871.0;1601
197854.0;1602
203120.0;1602
203961.0;1603
206610.0;1604
208223.0;1604
200963.0;1605
202141.0;1605
197907.0;1606
196827.0;1606
206812.0;1607
199669.0;1608
205218.0;1609
199258.0;1609
206155.0;1610
206073.0;1610
200429.0;1611
206122.0;1612
202908.0;1613
201367.0;1614
199032.0;1615
200414.0;1616
206268.0;1617
201887.0;1618
207894.0;1618
202296.0;1619
207281.0;1620
205299.0;1621
205797.0;1622
199602.0;1622
198081.0;1623
198348.0;1624
208082.0;1625
199521.0;1626
199857.0;1627
196911.0;1628
198720.0;1629
203689.0;1629
206049.0;1629
203297.0;1629
197937.0;1630
201675.0;1631
200269.0;1631
200862.0;1632
199998.0;1632
206051.0;1632
202072.0;1633
204995.0;1634
198212.0;1635
199821.0;1636
207380.0;1636
198694.0;1637
205146.0;1638
205356.0;1639
206101.0;1639
208205.0;1640
207432.0;1641
203374.0;1642
197769.0;1643
202238.0;1644
197341.0;1645
197692.0;1645
199510.0;1645
200110.0;1645
200777.0;1645
201255.0;1645
202202.0;1645
203048.0;1645
203682.0;1645
202403.0;1646
202816.0;1646
204148.0;1646
206026.0;1646
203179.0;1647
206953.0;1648
202781.0;1648
204628.0;1649
198452.0;1650
205171.0;1651
205593.0;1651
197919.0;1652
202841.0;1652
205804.0;1652
207554.0;1652
197033.0;1653
198498.0;1653
206261.0;1653
206691.0;1654
200665.0;1655
199456.0;1656
204847.0;1657
205663.0;1658
197211.0;1658
207629.0;1658
204143.0;1659
197836.0;1660
203622.0;1661
200488.0;1662
206091.0;1662
201536.0;1663
115699.0;1664
205098.0;1665
205393.0;1666
202394.0;1667
204223.0;1667
198428.0;1668
203113.0;1668
203989.0;1668
205112.0;1669
206738.0;1670
199754.0;1670
200755.0;1670
204927.0;1670
205489.0;1670
204804.0;1671
207525.0;1672
203936.0;1673
206712.0;1673
199233.0;1674
203019.0;1674
204323.0;1674
208812.0;1674
201335.0;1675
203053.0;1676
197510.0;1677
203424.0;1677
200974.0;1678
198218.0;1677
208054.0;1677
202592.0;1679
198837.0;1680
203610.0;1681
207272.0;1682
199043.0;1683
205677.0;1684
198817.0;1685
203586.0;1686
204642.0;1687
114184.0;1688
114304.0;1688
200340.0;1689
197988.0;1690
113746.0;1691
114019.0;1691
201957.0;1692
115637.0;1693
113473.0;1694
196998.0;1695
208015.0;1696
204479.0;1697
201144.0;1698
203052.0;1699
208051.0;1700
207487.0;1700
200916.0;1700
201986.0;1701
204255.0;1702
203481.0;1703
202826.0;1704
203827.0;1704
114323.0;1705
205604.0;1706
197558.0;1707
206620.0;1708
199742.0;1709
206629.0;1710
203387.0;1711
205247.0;1711
207398.0;1711
204443.0;1712
197118.0;1713
197204.0;1713
204169.0;1714
200935.0;1714
196813.0;1715
196920.0;1715
201280.0;1716
201059.0;1716
197949.0;1714
197180.0;1714
206718.0;1717
115552.0;1718
200448.0;1719
205163.0;1720
198447.0;1721
206253.0;1722
203154.0;1723
202673.0;1723
200750.0;1724
204972.0;1725
203243.0;1726
204007.0;1727
198258.0;1728
203765.0;1728
115059.0;1729
203444.0;1730
207705.0;1731
202220.0;1732
202838.0;1733
207234.0;1734
201728.0;1735
203464.0;1736
207802.0;1736
200696.0;1737
201359.0;1737
197823.0;1738
208414.0;1738
201205.0;1739
197976.0;1739
206554.0;1740
208181.0;1740
207117.0;1740
196883.0;1741
199606.0;1742
200557.0;1743
206501.0;1744
199076.0;1745
197982.0;1745
200532.0;1746
198277.0;1747
201206.0;1748
199999.0;1749
208504.0;1749
203599.0;1750
199571.0;1751
200515.0;1751
201082.0;1751
202177.0;1751
202214.0;1751
205771.0;1751
206612.0;1751
204524.0;1727
206937.0;1727
202029.0;1752
203657.0;1752
197324.0;1753
197328.0;1753
197830.0;1753
200891.0;1754
200905.0;1754
203937.0;1753
198814.0;1754
207630.0;1754
201474.0;1755
199959.0;1756
205537.0;1757
201569.0;1757
207095.0;1758
201077.0;1759
204686.0;1760
207789.0;1761
205455.0;1762
207873.0;1763
202656.0;1764
199222.0;1765
198104.0;1766
200358.0;1767
205297.0;1768
202802.0;1768
197094.0;1769
200140.0;1770
205899.0;1770
208481.0;1771
204100.0;1772
201282.0;1773
200501.0;1774
206159.0;1775
203946.0;1775
198717.0;1775
202482.0;1776
201877.0;1777
202339.0;1777
204454.0;1778
202971.0;1779
199883.0;1780
203974.0;1780
197357.0;1781
198549.0;1782
202773.0;1783
199207.0;1783
198379.0;1783
198949.0;1784
208071.0;1785
204618.0;1785
205097.0;1786
197938.0;1786
206533.0;1787
200549.0;1788
114312.0;1789
115080.0;1789
115152.0;1789
115450.0;1789
115620.0;1789
201247.0;1790
208119.0;1791
200222.0;1792
201609.0;1793
202475.0;1793
197574.0;1794
198539.0;1795
206609.0;1796
205364.0;1797
114722.0;1798
114436.0;1799
115242.0;1799
206689.0;1799
114657.0;1800
114495.0;1800
207072.0;1801
199394.0;1801
204124.0;1802
205879.0;1802
208033.0;1803
204658.0;1804
205403.0;1805
205897.0;1806
203497.0;1807
197772.0;1808
201369.0;1809
204462.0;1810
198558.0;1811
208482.0;1812
205547.0;1813
197859.0;1814
204710.0;1814
204294.0;1815
200647.0;1816
198025.0;1817
205475.0;1817
204969.0;1818
207067.0;1819
200504.0;1820
203254.0;1820
203666.0;1820
205454.0;1820
207156.0;1820
204092.0;1821
115794.0;1822
114032.0;1822
206162.0;1822
202881.0;1822
202162.0;1822
114451.0;1822
114382.0;1822
115353.0;1822
115255.0;1822
115246.0;1822
114045.0;1822
206865.0;1823
203668.0;1821
203392.0;1824
204983.0;1824
197659.0;1825
208799.0;1825
201426.0;1826
205005.0;1827
204784.0;1827
197200.0;1828
199784.0;1829
205101.0;1830
200155.0;1831
201100.0;1832
201009.0;1832
204313.0;1832
199069.0;1833
201419.0;1833
201743.0;1833
203467.0;1834
203454.0;1835
206432.0;1835
115762.0;1836
203520.0;1837
201156.0;1838
205728.0;1838
207642.0;1838
208529.0;1839
197954.0;1840
205372.0;1841
203059.0;1842
197810.0;1842
199154.0;1842
199253.0;1842
201346.0;1842
205928.0;1842
206075.0;1842
196928.0;1843
201985.0;1844
197840.0;1845
196924.0;1846
197639.0;1846
197778.0;1846
197783.0;1846
205368.0;1847
205579.0;1848
196982.0;1849
205920.0;1850
197067.0;1851
205394.0;1851
206555.0;1852
206632.0;1852
197931.0;1853
200936.0;1853
201840.0;1853
203350.0;1854
202593.0;1855
206873.0;1856
197339.0;1857
205782.0;1858
200592.0;1858
201295.0;1859
207414.0;1860
197201.0;1861
198650.0;1861
207595.0;1861
206808.0;1862
198112.0;1863
199417.0;1864
204542.0;1865
197476.0;1866
199447.0;1867
202098.0;1868
198046.0;1869
202470.0;1869
206350.0;1869
208532.0;1869
198257.0;1870
203606.0;1871
199723.0;1872
196861.0;1871
202955.0;1871
208159.0;1871
203979.0;1873
205257.0;1874
197302.0;1874
202634.0;1875
199363.0;1875
205831.0;1875
200927.0;1875
204762.0;1876
200156.0;1876
202426.0;1877
202897.0;1878
200290.0;1879
208269.0;1880
198706.0;1881
204386.0;1882
114599.0;1883
114885.0;1883
115095.0;1883
198712.0;1884
202113.0;1885
206813.0;1886
199652.0;1887
201945.0;1888
208496.0;1889
199865.0;1889
198333.0;1890
204220.0;1891
205223.0;1892
197707.0;1892
198989.0;1892
199676.0;1892
202068.0;1892
202105.0;1892
203605.0;1892
204709.0;1892
206361.0;1892
208120.0;1893
208362.0;1894
200291.0;1895
205252.0;1896
204296.0;1896
199172.0;1896
202905.0;1897
197720.0;1898
207776.0;1898
200539.0;1898
205217.0;1899
204860.0;1899
199425.0;1874
208158.0;1900
205655.0;1901
198765.0;1901
203057.0;1902
203344.0;1902
202199.0;1903
207422.0;1903
207753.0;1903
207343.0;1904
206807.0;1904
200397.0;1905
200465.0;1905
203476.0;1905
205258.0;1905
197224.0;1906
205848.0;1907
197581.0;1908
201863.0;1909
201318.0;1910
202829.0;1910
203143.0;1910
197251.0;1911
205082.0;1911
207761.0;1911
208489.0;1911
199294.0;1911
201196.0;1912
207187.0;1913
197554.0;1914
200627.0;1914
203081.0;1914
203677.0;1914
206027.0;1914
206752.0;1914
199957.0;1915
202017.0;1915
202737.0;1915
197203.0;1914
207455.0;1914
198246.0;1916
201508.0;1916
208364.0;1916
199015.0;1916
201350.0;1916
205502.0;1917
202469.0;1918
202427.0;1918
198759.0;1919
199017.0;1919
199104.0;1919
199147.0;1919
201522.0;1919
202142.0;1919
204319.0;1919
206462.0;1919
197564.0;1919
201187.0;1919
202542.0;1919
204051.0;1919
201701.0;1919
202799.0;1920
202962.0;1921
204776.0;1922
202850.0;1923
197222.0;1924
200380.0;1924
203109.0;1925
204069.0;1926
207442.0;1926
198266.0;1927
205945.0;1928
201897.0;1929
200271.0;1930
206324.0;1931
206145.0;1931
201581.0;1932
207306.0;1933
208206.0;1934
204113.0;1935
204538.0;1936
197613.0;1937
208563.0;1938
205264.0;1939
202304.0;1940
205268.0;1941
202859.0;1941
200791.0;1941
114628.0;1942
115374.0;1942
115768.0;1942
199649.0;1941
115613.0;1943
207760.0;1944
200095.0;1944
199976.0;1944
202188.0;1945
200880.0;1945
198039.0;1946
205182.0;1947
207860.0;1948
202091.0;1949
205753.0;1949
206377.0;1949
206513.0;1949
196969.0;1950
198492.0;1950
197416.0;1951
196873.0;1952
199279.0;1952
202373.0;1952
202707.0;1952
205648.0;1952
207747.0;1952
201486.0;1953
197389.0;1954
198852.0;1955
204144.0;1956
202539.0;1956
208077.0;1957
203394.0;1957
199013.0;1958
197177.0;1959
204698.0;1960
203529.0;1961
199810.0;1962
199673.0;1963
199039.0;1964
204820.0;1965
204954.0;1966
202598.0;1967
199867.0;1968
206799.0;1968
206387.0;1969
204120.0;1970
204963.0;1970
206651.0;1970
207722.0;1971
198282.0;1971
206840.0;1972
201921.0;1973
202931.0;1974
198824.0;1975
115028.0;1976
205628.0;1977
198268.0;1978
207649.0;1979
197831.0;1980
199586.0;1980
201548.0;1980
197138.0;1981
198813.0;1982
205023.0;1983
115102.0;1984
208300.0;1985
201624.0;1986
205120.0;1986
207852.0;1986
197527.0;1987
197435.0;1987
200731.0;1987
200210.0;1987
198292.0;1987
202210.0;1987
201341.0;1988
204295.0;1989
206850.0;1989
208027.0;1990
198987.0;1991
196815.0;1992
199831.0;1992
201322.0;1993
199806.0;1993
114530.0;1994
114011.0;1994
207891.0;1995
204767.0;1996
202416.0;1997
197398.0;1998
202571.0;1998
205564.0;1998
202337.0;1998
203805.0;1998
204239.0;1999
200285.0;1999
206648.0;2000
206552.0;2000
207884.0;2001
199320.0;2002
199923.0;2002
202462.0;2002
207463.0;2002
197568.0;2002
201903.0;2002
206794.0;2002
202509.0;2002
203684.0;2003
204004.0;2004
205597.0;2005
198067.0;2006
199134.0;2007
202997.0;2007
203272.0;2008
198480.0;2009
203493.0;2009
203534.0;2010
200371.0;2011
202527.0;2011
203688.0;2011
203115.0;2012
207505.0;2013
198608.0;2014
206274.0;2015
201048.0;2016
203271.0;2017
204772.0;2018
200623.0;2019
207269.0;2020
205451.0;2020
205601.0;2021
202299.0;2022
202179.0;2023
197166.0;2023
208346.0;2024
202706.0;2025
200925.0;2026
206983.0;2027
204510.0;2028
198016.0;2028
198048.0;2028
204298.0;2028
198440.0;2029
205868.0;2030
198387.0;2031
200233.0;2031
204555.0;2032
199091.0;2033
199432.0;2034
202027.0;2035
197325.0;2036
205548.0;2036
198208.0;2037
207858.0;2038
199914.0;2039
202515.0;2040
115186.0;2041
203200.0;2042
200024.0;2043
197468.0;2044
202252.0;2045
198160.0;2045
202519.0;2046
198467.0;2047
208230.0;2048
200577.0;2049
197362.0;2049
198092.0;2050
202191.0;2050
198322.0;2051
200070.0;2052
201821.0;2052
207169.0;2052
197861.0;2053
199350.0;2054
205067.0;2055
203813.0;2056
198307.0;2056
201165.0;2056
207574.0;2056
200940.0;2057
200978.0;2058
206528.0;2059
201069.0;2060
204233.0;2060
207526.0;2060
202430.0;2061
200800.0;2062
206346.0;2063
197004.0;2063
208154.0;2063
203227.0;2064
205367.0;2065
203185.0;2066
201762.0;2066
199730.0;2066
204973.0;2067
204200.0;2068
203361.0;2069
202275.0;2070
203767.0;2071
203447.0;2072
198962.0;2073
200675.0;2074
114281.0;2075
206103.0;2075
114783.0;2075
203064.0;2076
197275.0;2077
200831.0;2077
200869.0;2077
205933.0;2077
206825.0;2078
206710.0;2079
197304.0;2080
202573.0;2081
200084.0;2081
198386.0;2082
200119.0;2082
206202.0;2082
196940.0;2083
206078.0;2084
202286.0;2085
201420.0;2086
197883.0;2087
198201.0;2087
200704.0;2087
201211.0;2087
205077.0;2087
207262.0;2088
198145.0;2089
200860.0;2090
208543.0;2091
202872.0;2092
207660.0;2093
203719.0;2094
203643.0;2094
202671.0;2094
197878.0;2094
207590.0;2095
205733.0;2096
206853.0;2096
207038.0;2097
205907.0;2098
202879.0;2099
199971.0;2100
204806.0;2100
203281.0;2101
204650.0;2101
207883.0;2102
205340.0;2102
206382.0;2103
207018.0;2104
204999.0;2105
206227.0;2106
206550.0;2107
208032.0;2108
200338.0;2109
197680.0;2110
197199.0;2111
206972.0;2112
200317.0;2113
201356.0;2114
197146.0;2115
203484.0;2116
203055.0;2116
205721.0;2116
198036.0;2117
197880.0;2118
201976.0;2119
199026.0;2120
202343.0;2121
202666.0;2122
200216.0;2122
199086.0;2122
198619.0;2122
202529.0;2123
202783.0;2123
203521.0;2123
205810.0;2123
207134.0;2123
200642.0;2124
197174.0;2124
197816.0;2125
200351.0;2126
205357.0;2126
206094.0;2126
202246.0;2127
204823.0;2128
202959.0;2128
204850.0;2129
205126.0;2130
204605.0;2130
205084.0;2131
199375.0;2132
197231.0;2133
198509.0;2134
199335.0;2134
204439.0;2134
200832.0;2135
199324.0;2136
201096.0;2136
205029.0;2137
203532.0;2138
206135.0;2139
208117.0;2140
204807.0;2141
203661.0;2142
207044.0;2142
206321.0;2143
206688.0;2143
197695.0;2144
115470.0;2145
198569.0;2146
203557.0;2146
208388.0;2147
196948.0;2148
203121.0;2149
199012.0;2150
199007.0;2151
207382.0;2152
203192.0;2153
200004.0;2154
208373.0;2155
206993.0;2156
199473.0;2157
202318.0;2158
197110.0;2159
197827.0;2159
207215.0;2160
203047.0;2161
206289.0;2161
208092.0;2162
197977.0;2163
207261.0;2164
199461.0;2164
207586.0;2165
203211.0;2166
200895.0;2167
200471.0;2168
199533.0;2169
201112.0;2170
204445.0;2170
198231.0;2170
198370.0;2171
199288.0;2172
206151.0;2172
115424.0;2173
198904.0;2174
203217.0;2174
204466.0;2174
204565.0;2175
205921.0;2175
202502.0;2176
205421.0;2177
207479.0;2178
198908.0;2179
198216.0;2180
197465.0;2181
207003.0;2182
207111.0;2183
206768.0;2184
199868.0;2185
204876.0;2186
205599.0;2186
205955.0;2186
207726.0;2186
199037.0;2187
198084.0;2188
199905.0;2188
201711.0;2188
199525.0;2189
201140.0;2189
202694.0;2189
203193.0;2189
205072.0;2189
207026.0;2189
207739.0;2189
199112.0;2190
202639.0;2191
197337.0;2192
198928.0;2192
204666.0;2192
200870.0;2193
198251.0;2193
200995.0;2194
201349.0;2195
208583.0;2195
196819.0;2196
197860.0;2197
205873.0;2197
208325.0;2197
207171.0;2198
205064.0;2199
203093.0;2200
201850.0;2201
199577.0;2201
206797.0;2202
202518.0;2203
201916.0;2203
205275.0;2204
206392.0;2204
200297.0;2205
203460.0;2205
204591.0;2205
197756.0;2206
204498.0;2206
197330.0;2207
203828.0;2208
197488.0;2208
197600.0;2209
201164.0;2210
201590.0;2211
200657.0;2212
202165.0;2212
206704.0;2212
208099.0;2212
208510.0;2212
202699.0;2213
204444.0;2214
198533.0;2215
197450.0;2216
201032.0;2216
197350.0;2216
197424.0;2216
197848.0;2216
199108.0;2216
197540.0;2217
206884.0;2218
201487.0;2219
204737.0;2220
202206.0;2221
208122.0;2221
199544.0;2222
200232.0;2223
202212.0;2223
202917.0;2224
207466.0;2225
199439.0;2226
207900.0;2227
204556.0;2228
198290.0;2229
200919.0;2230
207363.0;2226
205783.0;2231
207887.0;2232
207788.0;2233
115549.0;2234
208184.0;2235
197404.0;2235
201423.0;2235
202370.0;2235
203407.0;2235
206254.0;2235
208095.0;2236
196879.0;2237
200886.0;2237
202846.0;2237
207229.0;2237
207804.0;2237
205294.0;2238
198261.0;2239
205323.0;2237
200415.0;2240
202326.0;2240
198302.0;2241
200086.0;2241
201736.0;2241
203608.0;2242
206985.0;2243
204191.0;2244
201137.0;2245
203248.0;2245
203978.0;2245
207578.0;2245
207626.0;2245
207886.0;2245
203715.0;2246
202554.0;2246
199129.0;2246
206804.0;2246
204256.0;2246
197111.0;2247
198611.0;2247
202724.0;2247
204599.0;2247
204887.0;2247
202586.0;2248
203128.0;2249
200858.0;2250
203479.0;2250
205725.0;2251
201321.0;2252
205573.0;2253
206597.0;2254
206560.0;2255
207435.0;2256
197622.0;2257
207329.0;2258
196893.0;2259
197246.0;2259
200830.0;2259
204271.0;2259
206567.0;2259
205995.0;2260
205283.0;2261
202128.0;2262
202269.0;2262
197401.0;2263
197546.0;2263
200527.0;2263
205880.0;2263
206088.0;2264
203458.0;2265
200091.0;2266
199136.0;2267
199458.0;2267
201340.0;2268
205362.0;2268
208050.0;2269
207840.0;2269
206006.0;2269
201263.0;2269
203494.0;2270
199240.0;2270
199482.0;2271
202208.0;2211
204585.0;2272
197319.0;2273
208498.0;2274
200933.0;2273
202738.0;2275
207258.0;2276
114155.0;2277
115185.0;2277
115509.0;2277
115643.0;2277
204186.0;2278
201836.0;2279
201910.0;2280
205558.0;2280
205860.0;2281
207359.0;2282
201186.0;1286
197487.0;1286
207008.0;1286
207644.0;2283
200669.0;2284
205774.0;2285
199750.0;2286
204849.0;2287
200475.0;2288
203690.0;2289
201277.0;2289
207293.0;2290
114763.0;2291
114875.0;2291
208480.0;2292
203030.0;2293
205944.0;2293
197721.0;2294
198976.0;2295
114215.0;2296
114245.0;2296
114344.0;2296
114659.0;2296
114849.0;2296
115397.0;2296
201382.0;2297
114775.0;2298
114182.0;2299
114611.0;2299
203441.0;2300
202133.0;2301
207738.0;2302
114416.0;2303
114695.0;2303
115409.0;2303
115833.0;2303
207292.0;2304
201977.0;2305
200807.0;2306
201695.0;2307
204979.0;2307
196852.0;2308
208115.0;2309
203890.0;2310
201995.0;2310
204102.0;2310
204177.0;2310
197553.0;2311
203422.0;2311
204990.0;2312
205540.0;2312
203183.0;2313
206600.0;2313
200369.0;2314
200646.0;2314
201930.0;2314
203117.0;2314
203485.0;2314
204317.0;2315
198276.0;2316
206697.0;2317
206376.0;2318
198729.0;2316
200344.0;2319
204884.0;2319
204637.0;2320
200878.0;2321
205059.0;2322
197526.0;2323
203241.0;2324
204816.0;2325
205352.0;2325
207711.0;2325
203875.0;2326
196984.0;2327
198162.0;2327
201884.0;2327
205071.0;2327
208483.0;2327
200476.0;2328
201234.0;2329
201523.0;2330
200687.0;2330
203524.0;2331
201110.0;2332
115189.0;2333
202747.0;2334
203945.0;2334
205651.0;2334
198674.0;2335
206232.0;2336
200575.0;2336
114139.0;2337
114375.0;2337
114625.0;2337
114675.0;2337
115241.0;2337
115760.0;2337
200875.0;2338
199225.0;2339
197575.0;2340
203919.0;2340
200614.0;2341
205359.0;2342
205184.0;2343
198280.0;2344
204417.0;2344
205447.0;2344
206834.0;2345
201988.0;2345
201831.0;2345
204507.0;2346
207880.0;2346
207749.0;2347
206888.0;2347
206163.0;2347
199081.0;2347
198137.0;2347
208087.0;2348
202211.0;2348
196887.0;2348
208474.0;2348
202602.0;2348
202283.0;2348
207822.0;2349
201146.0;2350
207816.0;2350
199124.0;2351
207006.0;2352
204486.0;2352
200748.0;2353
201542.0;2354
197097.0;2355
206217.0;2355
200718.0;2355
201304.0;2356
207027.0;2357
198103.0;2357
198360.0;2358
198022.0;2358
207014.0;2358
206429.0;2358
205904.0;2358
205690.0;2359
201117.0;2360
198954.0;2360
198513.0;2360
204083.0;2360
202336.0;2360
198678.0;2361
197889.0;2362
205557.0;2363
206843.0;2363
199343.0;2364
206742.0;2365
197459.0;2366
200298.0;2367
202323.0;2368
204163.0;2369
198752.0;2370
205492.0;2371
204352.0;2372
206044.0;2373
208091.0;2374
206070.0;2375
204812.0;2375
204023.0;2375
198927.0;2376
197314.0;2376
200705.0;2377
206603.0;2378
201153.0;2378
205911.0;2379
208124.0;2380
202856.0;2380
207772.0;2381
208228.0;2381
207826.0;2382
203985.0;2383
197879.0;2384
202740.0;2384
197371.0;2385
199490.0;2386
202698.0;2387
198164.0;2388
206776.0;2388
197947.0;2389
207672.0;2389
207176.0;2390
198426.0;2391
199008.0;2392
203580.0;2393
207103.0;2394
208846.0;2394
202291.0;2394
203448.0;2395
199270.0;2396
199315.0;2397
201148.0;2397
198767.0;2398
205999.0;2399
204974.0;2400
204733.0;2401
199943.0;2402
207799.0;2403
205832.0;2404
208784.0;2405
200218.0;2406
197088.0;2406
201672.0;2407
200633.0;2408
205699.0;2408
207368.0;2409
206245.0;2410
207767.0;2410
207757.0;2410
206897.0;2410
208548.0;2410
197156.0;2411
200639.0;2412
198543.0;2413
199214.0;2414
203335.0;2415
204402.0;2416
203393.0;2417
204943.0;2418
199682.0;2419
196958.0;2419
200630.0;2419
201745.0;2420
200991.0;2421
196986.0;2422
197040.0;2423
204825.0;2424
199407.0;2424
114964.0;2425
200823.0;2426
114049.0;2427
115197.0;2427
114781.0;2427
115199.0;2427
198562.0;2428
197653.0;2428
201906.0;2429
199267.0;2430
201478.0;2430
198761.0;2431
197243.0;2432
199885.0;2432
204898.0;2433
203010.0;2433
198384.0;2434
202995.0;2435
114261.0;2436
114320.0;2436
115363.0;2437
205708.0;2438
206306.0;2439
206423.0;2440
204929.0;2441
204875.0;2441
201639.0;2441
201385.0;2441
200089.0;2442
203796.0;2443
207208.0;2444
202264.0;2444
197383.0;2445
202606.0;2446
207108.0;2447
205943.0;2447
201823.0;2448
201993.0;2449
202484.0;2449
114485.0;2450
206148.0;2451
207587.0;2452
201053.0;2452
203043.0;2453
203229.0;2454
115781.0;2455
202767.0;2456
206542.0;2456
199828.0;2457
198843.0;2458
201570.0;2459
200201.0;2460
198915.0;2461
202398.0;2461
200008.0;2462
207778.0;2462
197426.0;2463
205711.0;2464
208083.0;2465
203975.0;2466
199561.0;2467
203609.0;2468
208064.0;2469
200523.0;2470
201317.0;2471
200973.0;2472
207419.0;2473
115071.0;2474
200483.0;2475
113855.0;2476
205430.0;2477
207400.0;2478
200632.0;2479
199744.0;2480
206558.0;2481
114290.0;2482
202022.0;2483
203445.0;2484
114319.0;2485
113205.0;2486
114484.0;2486
200388.0;2487
203773.0;2487
206015.0;2487
115003.0;2488
114962.0;2488
206097.0;2489
201818.0;2489
198557.0;2489
198072.0;2490
205080.0;2491
202396.0;2492
198831.0;2493
199330.0;2494
198963.0;2495
207994.0;2495
199704.0;2496
198054.0;2497
205799.0;2498
200616.0;2499
208515.0;2499
205341.0;2500
204452.0;2501
208360.0;2501
198707.0;2502
197975.0;2503
202279.0;2504
206219.0;2505
204840.0;2506
207643.0;2499
199600.0;2507
206977.0;2507
200743.0;2508
201072.0;2509
197220.0;2510
207944.0;2510
205611.0;2511
204277.0;2512
203038.0;2512
200786.0;2512
197232.0;2512
206144.0;2513
205261.0;2514
197127.0;2515
200567.0;2516
204508.0;2517
207394.0;2518
200740.0;2519
207647.0;2520
206735.0;2520
198364.0;2521
207070.0;2521
203543.0;2522
201827.0;2523
204778.0;2524
205426.0;2525
198274.0;2525
200896.0;2526
203687.0;2527
204539.0;2528
201002.0;2529
207522.0;2530
197072.0;2531
202845.0;2532
198615.0;2533
204810.0;2534
207967.0;2535
202770.0;2535
203667.0;2536
203170.0;2537
200736.0;2538
204442.0;2539
206925.0;2539
203841.0;2516
198977.0;2540
198597.0;2541
206721.0;2542
202510.0;2543
202407.0;2544
202575.0;2545
202538.0;2546
203803.0;2547
208321.0;2547
205027.0;2548
201244.0;2549
206031.0;2549
204671.0;2550
197437.0;2551
203188.0;2552
198912.0;2552
201779.0;2553
206479.0;2554
203756.0;2555
202813.0;2556
202245.0;2557
206234.0;2558
198057.0;2559
199411.0;2560
204717.0;2560
207247.0;2561
203478.0;2561
204854.0;2562
200519.0;2563
198284.0;2564
207921.0;2564
200931.0;2565
197855.0;2561
207451.0;2566
200391.0;2567
208579.0;2567
200209.0;2568
200924.0;2569
205994.0;2570
199605.0;2570
200333.0;2570
200619.0;2571
208530.0;2571
206136.0;2571
202626.0;2571
199005.0;2571
206664.0;2572
202788.0;2573
203804.0;2574
198010.0;2575
200976.0;2576
197390.0;2577
205479.0;2577
196910.0;2578
206723.0;2579
196968.0;2579
200811.0;2579
204094.0;2579
202970.0;2580
200115.0;2581
200909.0;2581
201362.0;2581
207551.0;2581
196818.0;2581
198419.0;2581
201116.0;2581
201674.0;2581
203680.0;2581
205274.0;2581
208789.0;2581
198338.0;2582
206923.0;2583
200151.0;2584
206678.0;2585
202909.0;2586
203220.0;2586
205199.0;2586
206695.0;2586
207061.0;2587
204302.0;2588
197446.0;2589
207145.0;2590
199919.0;2590
207273.0;2591
208499.0;2591
199548.0;2591
199709.0;2591
206179.0;2591
197547.0;2592
207193.0;2592
208549.0;2593
196953.0;2594
197957.0;2594
198454.0;2595
197301.0;2596
203012.0;2597
203377.0;2597
204183.0;2598
198584.0;2599
202397.0;2600
203732.0;2600
197223.0;2601
197811.0;2601
198352.0;2601
198792.0;2601
198896.0;2601
199575.0;2601
204531.0;2602
200314.0;2603
205720.0;2604
205856.0;2605
206730.0;2605
203189.0;2606
202420.0;2607
205310.0;2608
200495.0;2608
205650.0;2609
201384.0;2609
201075.0;2610
206821.0;2610
205570.0;2611
202272.0;2612
197209.0;2613
197815.0;2613
199701.0;2613
201984.0;2613
204844.0;2613
207597.0;2613
208296.0;2614
200313.0;2615
205398.0;2616
199565.0;2617
198003.0;2618
205779.0;2619
199429.0;2620
205326.0;2620
203075.0;2621
206139.0;2622
197408.0;2623
206053.0;2623
200795.0;2624
114717.0;2625
199519.0;2626
198399.0;2627
197346.0;2628
205694.0;2629
198007.0;2629
114824.0;2630
199627.0;2631
200196.0;2632
201645.0;2632
206727.0;2633
199301.0;2634
204904.0;2635
204215.0;2636
200067.0;2637
203562.0;2638
200345.0;2638
203903.0;2639
114532.0;2640
114407.0;2641
200268.0;2642
203764.0;2643
199910.0;2644
207721.0;2644
202624.0;2645
205915.0;2645
201138.0;2646
202320.0;2647
196972.0;2648
202302.0;2649
202061.0;2650
201425.0;2650
205676.0;2651
206920.0;2651
114017.0;2652
114870.0;2652
115473.0;2652
114873.0;2652
204345.0;2653
197255.0;2654
200102.0;2655
197373.0;2656
198762.0;2650
115169.0;2657
199116.0;2658
198932.0;2659
201868.0;2660
199364.0;2661
207717.0;2661
207809.0;2661
199650.0;2662
204941.0;2663
205819.0;2664
203027.0;2664
203731.0;2665
205788.0;2666
203698.0;2667
114764.0;2668
115462.0;2669
201363.0;2670
205795.0;2671
200989.0;2672
198482.0;2673
203790.0;2673
207690.0;2674
203446.0;2674
204926.0;2675
198305.0;2676
198510.0;2676
207245.0;2677
200949.0;2677
199679.0;2678
204366.0;2679
202153.0;2680
201404.0;2680
207352.0;2680
204281.0;2681
202471.0;2681
203963.0;2681
200597.0;2682
201078.0;2683
205051.0;2684
114713.0;2685
204250.0;2686
200421.0;2687
208310.0;2688
202125.0;2689
204921.0;2690
199470.0;2691
200224.0;2691
203960.0;2692
197186.0;2693
204643.0;2694
206438.0;2695
198937.0;2696
198204.0;2696
198683.0;2697
204529.0;2698
206574.0;2699
204714.0;2700
207183.0;2701
203004.0;2702
205822.0;2703
200337.0;2704
201271.0;2704
208022.0;2705
204205.0;2706
203815.0;2706
201345.0;2707
205049.0;2708
115537.0;2709
197206.0;2710
199113.0;2711
205559.0;2712
204490.0;2713
197656.0;2714
208301.0;2715
199757.0;2716
204108.0;2717
199493.0;2718
204311.0;2719
201511.0;2720
198930.0;2721
204912.0;2721
206381.0;2722
202131.0;2722
196906.0;2722
199878.0;2723
207892.0;2724
206437.0;2725
203981.0;2726
202535.0;2726
201279.0;2726
202534.0;2727
202651.0;2727
206605.0;2726
200816.0;2728
196875.0;2729
200582.0;2729
200650.0;2729
205463.0;2729
207480.0;2729
208272.0;2729
208340.0;2729
208535.0;2729
197473.0;2730
206085.0;536
207020.0;2731
197202.0;2732
200118.0;2732
202404.0;2732
203660.0;2732
196862.0;2733
201238.0;2733
203178.0;2733
208546.0;2733
203761.0;2733
207997.0;2733
201746.0;2314
200242.0;2734
207805.0;2734
202561.0;2735
197667.0;2362
115288.0;2736
114804.0;2737
115330.0;2738
198423.0;2738
114378.0;2738
206127.0;2738
197032.0;2739
114480.0;2740
206420.0;2740
204245.0;2741
200166.0;2742
202670.0;2743
208043.0;2744
206541.0;2745
114516.0;2746
114747.0;2746
115204.0;2746
115264.0;2746
115547.0;2746
115645.0;2746
114358.0;2746
203783.0;2746
197847.0;2747
198603.0;2747
203046.0;2747
208028.0;2747
197359.0;2748
202260.0;2747
197655.0;2749
200713.0;2749
201245.0;2749
206662.0;2749
207989.0;2749
114782.0;2750
114864.0;2750
115072.0;2750
115217.0;2750
115546.0;2750
201344.0;2750
202696.0;2750
208098.0;2750
114745.0;2750
114963.0;2750
115047.0;2750
114669.0;2751
203449.0;2752
205882.0;2752
207448.0;2752
203550.0;2753
202820.0;2754
198263.0;2755
207885.0;2755
200956.0;2756
202121.0;2756
203621.0;2756
196918.0;2757
197037.0;2757
203486.0;2757
207268.0;2757
208219.0;2757
208279.0;2757
196897.0;2758
197436.0;2758
199819.0;2758
201509.0;2758
205225.0;2758
205837.0;2758
207160.0;2758
208079.0;2758
208305.0;2758
114563.0;2751
114581.0;2751
114280.0;1193
115819.0;2759
114446.0;2760
202150.0;2761
201867.0;2762
114527.0;2763
115434.0;2763
115488.0;2764
205212.0;2765
203438.0;2765
201126.0;2766
205600.0;2767
198173.0;2767
115346.0;2764
205884.0;2768
200994.0;2769
197368.0;2770
198477.0;2771
114798.0;903
114444.0;902
207657.0;2772
196832.0;2772
197364.0;2772
203213.0;2772
204996.0;2772
207319.0;2772
208136.0;2772
200352.0;2365
203461.0;2365
207082.0;2365
207556.0;2773
200063.0;2774
197356.0;2775
201424.0;2775
202972.0;2775
207750.0;2776
114687.0;2777
208241.0;2778
206194.0;1174
202380.0;2779
204267.0;2779
202250.0;2779
114666.0;2780
115464.0;2781
115586.0;2782
201982.0;2783
201084.0;2783
201189.0;2784
208247.0;2785
115000.0;2786
208365.0;2786
114817.0;2787
113844.0;2788
203782.0;2789
203259.0;2790
199355.0;2791
204056.0;2792
199321.0;2322
199921.0;2322
206353.0;2322
199553.0;2793
198170.0;2322
199412.0;2322
201120.0;2322
199989.0;2794
204413.0;2794
204620.0;2794
204907.0;2794
198466.0;2795
204044.0;2796
207199.0;2797
201060.0;2797
197234.0;2797
199366.0;2798
201963.0;2798
203105.0;2798
207713.0;2798
207810.0;2798
198991.0;2799
197767.0;2800
203328.0;2801
204015.0;2802
197212.0;2803
204657.0;2803
205598.0;2804
198657.0;2805
114802.0;2806
205270.0;2807
198407.0;2808
204184.0;2808
202646.0;2123
208273.0;2809
208076.0;2810
204562.0;2811
201757.0;2812
197733.0;2811
198330.0;2813
201819.0;2813
201928.0;2813
202873.0;2813
205046.0;2813
206792.0;2814
207490.0;2815
204463.0;2816
205772.0;2816
201554.0;2817
202616.0;2818
201213.0;2819
203196.0;732
201629.0;2820
206292.0;2820
200594.0;2821
205338.0;2822
198969.0;2823
202441.0;2823
204334.0;2823
204528.0;2823
205801.0;2823
206424.0;2823
208830.0;2823
205751.0;2824
207770.0;2825
199975.0;2825
199277.0;2825
197795.0;2825
204831.0;2825
115548.0;2826
201689.0;2827
204909.0;2827
204201.0;2828
197786.0;2829
115120.0;2830
115585.0;2830
198544.0;2831
203267.0;2831
204309.0;2831
206352.0;2831
207365.0;2831
202119.0;2832
114792.0;2833
114641.0;2834
115678.0;2835
112957.0;2835
207285.0;2836
203234.0;2831
114708.0;2831
115459.0;2837
114129.0;2838
114136.0;2838
114187.0;2838
114361.0;2838
114793.0;2838
114901.0;2838
115128.0;2838
115320.0;2838
204899.0;2838
114980.0;2838
115132.0;2838
115213.0;2839
114176.0;2840
206362.0;2841
204087.0;2842
201699.0;2843
198636.0;2843
200046.0;2843
200350.0;2843
200694.0;2843
202805.0;2843
207702.0;2843
208056.0;2844
204869.0;2845
202292.0;2845
198153.0;2846
204142.0;2847
203358.0;2848
205632.0;2848
208389.0;2848
205770.0;2849
206021.0;2849
200227.0;2850
199980.0;2850
196994.0;2850
207836.0;2851
205317.0;2852
203150.0;2853
198517.0;2854
206904.0;2855
200528.0;2856
203954.0;2857
202436.0;2858
198985.0;2859
196903.0;2860
204802.0;2861
203285.0;2861
199559.0;2862
207392.0;2862
206496.0;2863
204115.0;2864
207429.0;2864
201734.0;2865
205569.0;2866
204389.0;2866
197899.0;2773
204882.0;2773
203495.0;2867
201626.0;2868
114165.0;2869
114680.0;2869
115607.0;2869
115422.0;2870
204447.0;2871
204128.0;2872
207815.0;2873
199033.0;2874
200116.0;2875
199352.0;2876
203705.0;2877
203733.0;2877
203219.0;2878
203603.0;2879
198994.0;2880
199466.0;2881
197579.0;2882
202958.0;2883
204971.0;2883
197327.0;2884
203769.0;2884
199711.0;2884
198161.0;2884
202443.0;2885
197290.0;2886
204770.0;2887
199876.0;2888
207614.0;2888
197050.0;2889
198520.0;2890
207564.0;2890
204261.0;2891
204781.0;2892
202003.0;2893
208507.0;2894
207308.0;2895
198514.0;2896
198881.0;2897
208178.0;2898
205778.0;2899
204438.0;2900
203878.0;2901
114554.0;2902
202701.0;2902
196975.0;2903
204703.0;2904
201839.0;2905
204197.0;2905
206905.0;2905
202030.0;2906
206272.0;2906
203965.0;2906
114365.0;2907
114679.0;2907
114100.0;2907
114859.0;2907
114208.0;2907
115674.0;2907
202483.0;2908
206013.0;2908
208491.0;2908
202450.0;2909
203571.0;2909
202658.0;2910
197196.0;2911
201334.0;2911
204359.0;2911
208270.0;2912
114157.0;2913
114185.0;2913
114240.0;2913
114394.0;2913
114605.0;2913
115107.0;2913
115447.0;2913
201583.0;2909
201076.0;2914
206573.0;2915
207605.0;2916
205757.0;2917
202680.0;2917
203857.0;2918
208472.0;2919
202668.0;2920
206209.0;2921
201312.0;2920
203320.0;2922
203078.0;2923
202303.0;2923
200035.0;2923
207813.0;2924
197869.0;2925
201847.0;2925
207808.0;2926
197432.0;2927
200530.0;2928
203129.0;2929
200517.0;2930
200219.0;2931
199073.0;1970
205730.0;2931
196854.0;2932
197013.0;2932
198758.0;2932
203376.0;2932
197562.0;2933
202926.0;2934
199531.0;2934
200336.0;2934
201055.0;2934
199950.0;2935
197507.0;2935
199777.0;2936
204880.0;2937
206800.0;2938
199014.0;1982
199226.0;1982
205561.0;1982
197095.0;2939
200410.0;2939
204843.0;2939
201881.0;2940
202590.0;2941
203594.0;2942
115521.0;2943
115280.0;2943
197723.0;2944
202025.0;2945
200257.0;2946
208108.0;2946
203477.0;2947
205615.0;2948
198790.0;2948
202867.0;2949
200629.0;2950
208070.0;2951
204469.0;2952
204480.0;2951
205476.0;2953
203414.0;2954
197770.0;2954
202247.0;2955
205595.0;2956
198460.0;2957
202786.0;2957
205028.0;2957
205787.0;2958
204306.0;2959
201172.0;2960
199028.0;2961
206086.0;2962
200068.0;2963
201440.0;2964
204326.0;2964
207598.0;2964
199457.0;2965
208151.0;2966
202422.0;2966
203167.0;2967
198297.0;2968
203042.0;2969
204720.0;2969
205745.0;2969
208020.0;2970
208289.0;2970
115223.0;2971
200325.0;2972
206507.0;2973
114698.0;2971
115688.0;2971
115748.0;2971
114702.0;2974
207494.0;2975
201551.0;2976
197699.0;2977
207009.0;2978
203628.0;2979
206087.0;2979
203658.0;737
205664.0;2980
198496.0;2981
197489.0;2982
202374.0;2983
199181.0;2983
206595.0;2984
201546.0;2985
205508.0;2985
200016.0;2986
201269.0;2986
203741.0;2987
198845.0;2988
196891.0;2989
201724.0;2990
203074.0;2990
201473.0;2991
207645.0;2992
198866.0;2992
208339.0;2993
207445.0;2994
200986.0;2995
205053.0;2996
115086.0;2997
115282.0;2997
197587.0;2998
115519.0;2999
199770.0;3000
115808.0;3001
205988.0;3001
114026.0;3002
115281.0;3002
114854.0;3003
114689.0;3003
114242.0;3003
197812.0;3004
197542.0;3005
202682.0;3006
198850.0;3007
205642.0;614
200584.0;3008
207555.0;3008
203327.0;3009
205626.0;3010
200060.0;1919
207428.0;1919
114776.0;3011
199416.0;3012
201479.0;3013
203921.0;3012
204135.0;3012
206523.0;3012
198475.0;3014
207224.0;3015
196907.0;3016
203313.0;3017
113335.0;3018
208212.0;3018
206009.0;3018
207671.0;3018
208018.0;3018
199385.0;3019
204468.0;3020
202750.0;3021
206059.0;3021
202865.0;3022
114318.0;3023
114756.0;3024
198508.0;3025
114143.0;3026
114279.0;3026
199202.0;3027
115225.0;3028
200138.0;3029
198950.0;3030
198660.0;3031
204595.0;3032
205387.0;3033
201102.0;3033
203329.0;3034
206243.0;3034
207338.0;3034
201229.0;3034
115382.0;3035
114639.0;896
115647.0;896
199774.0;3036
201276.0;3036
207524.0;3036
207800.0;3036
112937.0;3037
114224.0;3037
114414.0;3037
114475.0;3037
114811.0;3037
114850.0;3037
115236.0;3037
115641.0;3037
197322.0;3037
208125.0;3037
206461.0;3038
207899.0;3039
114454.0;3040
205384.0;3041
202385.0;3041
204273.0;3041
205036.0;3041
201829.0;2933
204210.0;2933
204289.0;2933
204534.0;2933
204543.0;2933
204571.0;2933
207196.0;2933
207712.0;2933
207774.0;2933
200724.0;536
198979.0;3042
197216.0;3042
204697.0;3042
208361.0;3043
199547.0;3043
202261.0;3043
202492.0;3043
204455.0;3043
207135.0;3043
199299.0;3044
200477.0;3044
201786.0;3044
204753.0;3044
205106.0;3044
203319.0;3045
206974.0;3046
199078.0;3046
207330.0;3047
204320.0;3048
202776.0;3048
202300.0;3049
200802.0;3050
201841.0;3050
202464.0;3050
203538.0;3050
205052.0;3050
205539.0;3051
197635.0;3052
197890.0;3052
198894.0;3052
199096.0;3052
200757.0;3052
201485.0;3052
202811.0;3052
202967.0;3052
203292.0;3052
203304.0;3052
203542.0;3052
203578.0;3052
204050.0;3052
206146.0;3052
207896.0;3052
205588.0;3052
200069.0;3050
202640.0;3050
115030.0;3053
114773.0;3054
199522.0;3051
205251.0;3051
200172.0;3055
200408.0;3056
201676.0;3056
115703.0;3057
115498.0;3054
114648.0;3054
204655.0;3058
114486.0;3059
114488.0;3059
114646.0;3059
114820.0;3059
115492.0;3059
115604.0;3059
115731.0;3059
114043.0;3059
114061.0;3059
114119.0;3059
114582.0;3059
114943.0;3059
115277.0;3059
114438.0;586
199737.0;3060
114103.0;3061
202674.0;3062
199760.0;3063
207446.0;3064
200833.0;3065
197442.0;3066
196812.0;2661
201497.0;3067
208836.0;3068
200851.0;2661
203789.0;3069
199066.0;3070
201650.0;2723
201702.0;2723
202028.0;2723
202884.0;2723
202902.0;2723
204558.0;2723
205043.0;2723
205075.0;2723
206255.0;2723
199001.0;2723
198474.0;3071
206537.0;3072
197821.0;3071
206463.0;3072
199339.0;3071
114192.0;3073
115248.0;3074
115709.0;3074
205910.0;3075
204406.0;3076
203569.0;3077
202687.0;3078
199769.0;3079
200098.0;3079
200489.0;3079
200929.0;3079
206014.0;3079
204458.0;3080
115622.0;3081
114345.0;3082
205542.0;3083
206499.0;3083
207758.0;3083
200778.0;3084
205417.0;3085
201030.0;3086
206084.0;3086
206996.0;3087
203964.0;3085
206057.0;3085
208137.0;3085
203382.0;3088
199218.0;3088
207523.0;3088
203567.0;3088
198847.0;3089
205191.0;3090
206534.0;3091
201402.0;3092
206358.0;3093
207486.0;3094
198196.0;3095
203819.0;3096
198291.0;3096
196816.0;3097
201601.0;3097
200266.0;3098
199693.0;3099
114102.0;3100
114668.0;3101
115617.0;3101
115796.0;3102
114027.0;3103
197137.0;3104
198125.0;3104
203735.0;3104
206543.0;3104
196872.0;463
203934.0;3104
207029.0;3105
202669.0;3105
197809.0;3106
198789.0;3107
208233.0;3107
202863.0;3107
197483.0;3108
197585.0;3109
202791.0;3109
198804.0;3107
206693.0;3107
206581.0;3110
208448.0;3111
198725.0;3112
206443.0;3113
198150.0;3114
204992.0;3114
205503.0;3114
208007.0;3114
198120.0;3115
197099.0;3115
200948.0;3116
196874.0;3117
115399.0;3118
201093.0;3119
200511.0;3120
206933.0;3121
197078.0;3121
207161.0;3121
114467.0;3122
114214.0;3122
198614.0;3123
202748.0;519
114335.0;3124
115718.0;3125
115038.0;3126
203273.0;3127
114395.0;3128
198121.0;3129
201866.0;3130
205784.0;3131
207241.0;3132
202389.0;3133
198639.0;3134
200203.0;3135
207133.0;3135
202804.0;3136
207195.0;3136
204691.0;3137
203364.0;3138
114237.0;3139
114525.0;3139
115544.0;3139
208186.0;3140
202425.0;3141
202563.0;3142
202517.0;3143
204339.0;3144
200354.0;3145
206899.0;3146
208304.0;3147
115114.0;1511
198182.0;3148
207683.0;3149
200039.0;3149
199133.0;3149
208394.0;3150
199654.0;3151
198163.0;3152
205885.0;3153
197109.0;3154
206364.0;3155
202937.0;3156
198174.0;3157
200901.0;3155
197637.0;3158
200590.0;3158
204312.0;3158
205291.0;3158
208101.0;3158
202448.0;3159
204478.0;3159
204897.0;3159
199607.0;3160
201630.0;3160
198093.0;3161
202178.0;3162
206607.0;1563
207594.0;1563
197559.0;3163
115317.0;3164
197285.0;3165
206754.0;3166
201720.0;3167
207715.0;3168
198897.0;3169
200551.0;3170
198739.0;3170
202635.0;3171
198042.0;3171
198097.0;3171
198519.0;3171
198586.0;3171
206251.0;3171
207682.0;3171
208537.0;3171
205311.0;3172
201241.0;3173
201152.0;3174
208438.0;3174
199985.0;3175
200283.0;3175
204321.0;3175
207328.0;3175
198617.0;3176
202497.0;3176
202419.0;3176
202139.0;3176
113058.0;903
200153.0;3177
203718.0;3177
204509.0;3177
114147.0;3178
114376.0;3178
114440.0;3178
114602.0;3178
114956.0;3178
115050.0;3178
115263.0;3178
115340.0;3178
115364.0;3178
115766.0;3178
115835.0;3178
115448.0;3178
115440.0;3179
115591.0;3179
115614.0;3180
114429.0;3181
205556.0;3182
202381.0;3183
197182.0;3184
201567.0;3184
197102.0;3049
207733.0;3049
208209.0;3049
197160.0;3185
204088.0;3185
202617.0;3186
202526.0;3187
198438.0;3188
199908.0;3189
201912.0;3190
198785.0;2137
198816.0;2137
199573.0;2137
197980.0;2137
199643.0;2137
204308.0;2137
204817.0;2137
207190.0;2137
201006.0;3191
202243.0;3192
207430.0;3193
203685.0;2174
201383.0;3194
205565.0;3194
199145.0;3195
197485.0;3196
207452.0;3197
200720.0;3198
204653.0;3199
198237.0;3200
198243.0;3200
199475.0;3200
201010.0;3200
201098.0;3200
206237.0;3200
199448.0;1369
197300.0;3201
205667.0;3201
206417.0;3201
196892.0;3202
198203.0;3202
201129.0;3202
200920.0;3203
202468.0;3203
206924.0;1832
206012.0;3204
196860.0;3204
200082.0;3204
200126.0;3204
205760.0;3204
201201.0;3205
198601.0;3206
115035.0;3207
115621.0;3207
115681.0;3207
202290.0;3207
203863.0;3208
202769.0;3209
204808.0;3209
198188.0;1295
199731.0;1295
115019.0;3210
201908.0;3211
115506.0;3212
207174.0;3213
198043.0;3214
201113.0;3214
203811.0;3214
206147.0;3214
206409.0;3214
206722.0;3214
207088.0;3214
207417.0;3215
208559.0;3216
201465.0;3217
198648.0;1345
206263.0;3218
198227.0;1347
200970.0;3219
205175.0;1332
205015.0;3220
204385.0;3221
204629.0;3221
205777.0;3221
207602.0;3221
204925.0;3222
199464.0;3222
200981.0;1902
202324.0;1902
206480.0;1902
196945.0;3223
197142.0;3223
198414.0;3223
199748.0;3223
207164.0;3223
208234.0;3223
206557.0;3224
206759.0;3225
205863.0;3226
197236.0;3062
203927.0;3227
207668.0;3227
200041.0;3227
201769.0;3227
204226.0;3227
205342.0;3227
198770.0;3228
115270.0;3229
200829.0;3230
202800.0;3230
204602.0;3230
207291.0;3231
115624.0;3232
114549.0;3232
114570.0;3232
114277.0;3232
208245.0;3233
198359.0;3234
200454.0;3235
205016.0;3235
200510.0;3236
200244.0;3237
197287.0;3238
197563.0;3239
201880.0;3240
203310.0;2277
199872.0;3241
206457.0;3242
205844.0;3242
208317.0;3242
200447.0;1711
200044.0;3243
201907.0;3243
206448.0;3243
208433.0;3243
208553.0;3243
197257.0;3244
207478.0;3245
203199.0;3243
199242.0;3246
200129.0;3246
200122.0;3247
115021.0;3248
200434.0;3249
202596.0;3249
203740.0;3249
205041.0;3249
115278.0;3250
115527.0;3250
115539.0;3250
202821.0;3250
206008.0;3251
113324.0;3252
114387.0;3252
115106.0;3252
115121.0;3252
208477.0;3253
201537.0;3254
114191.0;3255
114913.0;3255
115414.0;3255
115511.0;3255
201091.0;3255
208036.0;3255
115404.0;2291
115379.0;2291
114181.0;3240
114705.0;3240
114917.0;3240
115630.0;3240
206288.0;3240
115031.0;3256
197115.0;3255
205511.0;3255
202953.0;3257
206010.0;3257
201496.0;3258
203636.0;3258
204173.0;3258
204730.0;2289
197920.0;3259
198350.0;3259
204033.0;3259
205301.0;3259
206260.0;3259
206926.0;3259
199160.0;3260
115715.0;3261
201435.0;3262
206716.0;3263
206470.0;2808
208449.0;2808
199304.0;3264
205254.0;3265
197152.0;3266
208062.0;3267
200045.0;3190
206520.0;3190
207431.0;3190
203186.0;3268
201614.0;3269
199681.0;3270
205204.0;3270
198495.0;3271
208405.0;3271
202344.0;3272
206547.0;3273
208265.0;3273
205322.0;3274
198186.0;3273
200663.0;3273
201220.0;3273
204400.0;3273
205507.0;3273
201374.0;3275
114658.0;3250
114819.0;3250
197192.0;3250
205373.0;3276
198476.0;3276
201494.0;3277
202288.0;3277
207042.0;3277
203598.0;3278
203133.0;3279
208035.0;3280
205614.0;3281
202054.0;3282
204956.0;3283
203997.0;3284
199674.0;3285
206576.0;3286
206042.0;3285
203826.0;3287
204074.0;3287
206342.0;3287
200445.0;3288
203896.0;3288
207958.0;3288
198920.0;3289
201635.0;3290
208584.0;3291
201256.0;3291
115493.0;3292
114372.0;3293
114167.0;3294
199023.0;3291
115749.0;3295
112947.0;2782
114725.0;3296
114087.0;3297
114053.0;3296
115369.0;3297
114273.0;3297
115439.0;3296
206590.0;3298
198858.0;3299
198375.0;3300
207527.0;3300
198576.0;3301
199759.0;3301
197238.0;3302
198001.0;3302
198455.0;3302
204037.0;3302
207499.0;3302
198974.0;1982
202530.0;1982
205312.0;1982
199194.0;3300
200697.0;3300
203291.0;3303
198662.0;3304
204519.0;3305
199841.0;3306
202930.0;3307
199293.0;3307
207153.0;3308
207983.0;3309
207830.0;3309
200365.0;3310
202460.0;3311
197492.0;3109
204684.0;398
207569.0;3312
203153.0;3313
204902.0;3313
207609.0;3313
207942.0;3313
207575.0;3314
204476.0;3315
198960.0;3315
204567.0;3316
198864.0;3317
197819.0;3317
204179.0;3318
203469.0;3318
196811.0;3319
196830.0;3319
200499.0;3320
207024.0;3321
205913.0;3322
199175.0;3323
203225.0;3323
207341.0;3323
208276.0;3323
200626.0;3324
202947.0;3324
203160.0;3324
203736.0;3324
206637.0;3324
208283.0;3324
201919.0;3325
202663.0;3325
199300.0;1815
203948.0;3326
202594.0;3327
204837.0;3328
203506.0;3329
115569.0;3330
115297.0;3330
202386.0;3331
198588.0;3332
198087.0;3333
206731.0;3334
208495.0;3334
208176.0;3335
197773.0;3335
200419.0;3336
197544.0;3337
208797.0;3337
205707.0;3338
202372.0;3338
199953.0;3338
198934.0;3339
205135.0;3338
204288.0;3338
197391.0;3338
197173.0;3338
201124.0;3338
200058.0;3338
198441.0;3338
202011.0;3338
200950.0;3340
205550.0;3341
197187.0;3342
197218.0;3342
204496.0;3342
201339.0;3343
207889.0;3343
202503.0;3344
202630.0;3345
207173.0;3346
200299.0;3347
115148.0;3348
197056.0;3349
197466.0;3349
206902.0;3349
199511.0;3350
199938.0;3350
197675.0;3351
201210.0;3277
200573.0;3352
207898.0;3353
201967.0;3354
197838.0;3354
201043.0;3354
199397.0;3354
199123.0;3354
196853.0;3355
206684.0;3356
197181.0;3356
200982.0;3357
200466.0;3358
205712.0;3359
200742.0;3360
205631.0;3361
203799.0;3133
201913.0;3133
204019.0;3362
201342.0;3363
200100.0;3363
207988.0;3363
204640.0;3363
208528.0;3364
199963.0;3365
204001.0;3366
203266.0;3367
201251.0;3367
206133.0;3368
208540.0;3364
202047.0;3369
205353.0;3369
204382.0;3370
197015.0;3364
200406.0;3364
207636.0;3364
207355.0;3364
196960.0;3371
200651.0;3371
198450.0;3372
197687.0;3373
201323.0;3372
201722.0;3374
202603.0;3375
202645.0;3375
204318.0;3375
201170.0;3375
198931.0;3374
208220.0;3376
199808.0;3376
197570.0;3374
200034.0;3377
206944.0;3378
206978.0;3379
205415.0;3379
203383.0;3379
200494.0;3371
197511.0;3379
196985.0;3379
205814.0;3371
202941.0;3380
198891.0;3380
207137.0;3380
204633.0;3380
203126.0;3381
204080.0;3382
207213.0;3382
207920.0;3382
206531.0;3383
208390.0;3384
206186.0;3385
199400.0;3386
198504.0;3386
207310.0;3386
203116.0;3387
197867.0;3386
206126.0;3388
205173.0;3387
203251.0;3389
200255.0;3390
198262.0;3390
204935.0;3391
205045.0;3392
201862.0;3392
202042.0;3393
204815.0;3394
198055.0;3395
198374.0;3396
197296.0;3394
115589.0;3397
115292.0;3398
114924.0;3399
208278.0;3400
200770.0;3401
201013.0;3402
206318.0;3403
203861.0;3404
201727.0;3405
199907.0;3406
206236.0;3407
199928.0;3408
199909.0;3407
204193.0;3409
202742.0;3409
199877.0;3410
203301.0;3411
202844.0;3412
199871.0;3413
197856.0;3288
201305.0;3288
203140.0;3288
206128.0;3288
207075.0;3414
206270.0;3415
206333.0;3416
199580.0;3417
203674.0;3418
208585.0;3419
207149.0;3420
207931.0;3421
208277.0;3422
206374.0;3423
204221.0;3424
198309.0;3425
200182.0;3425
200941.0;3425
201094.0;3425
201462.0;3425
204495.0;3425
205115.0;3425
207346.0;3425
207837.0;3425
114677.0;3426
205518.0;3427
207139.0;3428
206225.0;2785
208057.0;2785
208468.0;3429
205446.0;3430
200676.0;3431
203082.0;1040
205221.0;1040
199146.0;3432
202998.0;3432
203435.0;3432
203545.0;3432
206396.0;3432
202274.0;3433
198552.0;3434
206951.0;3435
200261.0;3436
207472.0;3336
202952.0;3437
202768.0;3438
197905.0;3439
205971.0;3440
208177.0;3440
205186.0;3441
205188.0;3442
197132.0;3443
197503.0;3443
206589.0;3443
205917.0;3444
205698.0;3445
115200.0;3446
203706.0;3447
204809.0;3447
201441.0;3448
201898.0;3448
202600.0;3448
202948.0;3448
206487.0;3448
114905.0;3449
115640.0;3449
197240.0;3450
197295.0;3450
205210.0;3451
114464.0;3452
206893.0;3453
200680.0;3454
201892.0;3454
203748.0;3455
204873.0;3456
197490.0;3041
207239.0;3041
208347.0;3041
199379.0;3457
201290.0;3457
205622.0;3458
196919.0;2970
201233.0;2970
207219.0;2970
199004.0;3459
203372.0;3459
204978.0;3459
205618.0;3459
207232.0;3459
208552.0;3459
200019.0;3460
200315.0;3461
207426.0;3462
200167.0;3463
204662.0;3463
197738.0;3463
198836.0;3463
198890.0;3463
205612.0;3464
201947.0;3464
205833.0;3465
199918.0;3466
198009.0;3338
198028.0;3338
203531.0;3338
204316.0;3338
205137.0;3338
207391.0;3338
208259.0;3338
198708.0;3467
200327.0;3467
204523.0;3467
204692.0;3467
198270.0;3338
196858.0;3338
203233.0;3338
201471.0;3338
197315.0;3467
198397.0;3467
201713.0;3467
203132.0;3467
203541.0;3467
204414.0;3467
205812.0;3467
208168.0;3467
208253.0;3467
204263.0;3468
199391.0;3469
114902.0;3470
203276.0;3471
198177.0;3472
196833.0;3471
114385.0;3473
114487.0;3473
114863.0;3473
115362.0;3473
115570.0;3473
115807.0;3473
203895.0;3474
196880.0;3475
206943.0;3475
207841.0;3475
200418.0;3475
201655.0;3475
206686.0;3475
199835.0;2203
201028.0;2203
200183.0;2208
203575.0;3476
200876.0;3476
200768.0;3476
206849.0;3476
206116.0;3476
199974.0;3477
201371.0;3477
201820.0;3477
208116.0;3377
196855.0;3478
113779.0;1158
115159.0;3479
115373.0;3479
114483.0;3480
114876.0;3481
115168.0;3482
199336.0;3483
200730.0;3483
201132.0;3483
201181.0;3483
202322.0;3483
202857.0;3483
205104.0;3483
206157.0;3483
207716.0;3483
207966.0;3483
208110.0;3484
205536.0;3485
206062.0;3486
206506.0;3486
200334.0;3487
206224.0;3488
114180.0;3489
197406.0;3490
202301.0;3490
199939.0;1987
206069.0;3491
198749.0;3492
203753.0;3493
115251.0;3074
115717.0;3074
196857.0;3494
202679.0;473
200897.0;3495
198015.0;3496
208502.0;3497
202176.0;3281
202662.0;3281
204060.0;3281
207047.0;3281
115407.0;3498
199941.0;3499
201549.0;3499
201615.0;3499
201616.0;3499
204062.0;3499
199239.0;3500
207544.0;909
202376.0;3501
201763.0;3502
203214.0;3502
208505.0;3502
203336.0;3503
197979.0;2981
204494.0;3504
206114.0;3505
204264.0;3506
200432.0;3506
199822.0;3506
198116.0;3507
204832.0;3507
207571.0;3507
205734.0;3508
203111.0;3508
200270.0;3508
207684.0;3509
206762.0;3510
199373.0;3511
199638.0;3511
199689.0;3511
207143.0;3511
207377.0;3511
203634.0;3512
199680.0;3513
198369.0;3514
207728.0;3514
205493.0;2009
198516.0;2841
199720.0;2841
200615.0;2841
206975.0;2841
202661.0;3515
206007.0;3516
196895.0;3517
197064.0;3517
201406.0;3518
206709.0;1194
206536.0;3519
201058.0;3519
206033.0;3520
197207.0;3521
200745.0;3521
201864.0;3521
202957.0;3521
199992.0;3522
114742.0;3523
114453.0;3523
115208.0;3523
115676.0;2826
204867.0;3524
206340.0;3525
203036.0;3526
206611.0;3527
203373.0;3528
204457.0;3529
203984.0;3529
197184.0;3530
204097.0;552
208157.0;3531
202496.0;3531
206336.0;3532
202718.0;3533
200498.0;3534
200318.0;3534
199192.0;3534
197939.0;3534
205842.0;3534
207827.0;3535
202860.0;3536
197226.0;3537
208565.0;3537
200316.0;3538
198704.0;3539
197884.0;3539
115530.0;3540
206249.0;3541
207185.0;3542
206212.0;3541
202576.0;3543
199246.0;3543
201578.0;3544
200431.0;3545
206746.0;3545
202721.0;3546
199934.0;3546
198412.0;3546
208427.0;3546
204660.0;3546
204401.0;3546
114339.0;3040
207316.0;3143
198176.0;3143
198110.0;3547
206092.0;3548
207745.0;3135
204216.0;3135
198383.0;3135
204243.0;3549
197978.0;3550
205485.0;3135
203993.0;3549
203986.0;3551
199935.0;3552
206702.0;3553
204372.0;3554
203190.0;3555
206806.0;3556
198811.0;3557
201647.0;3558
198404.0;3559
208768.0;3560
114685.0;3561
207198.0;1745
200581.0;3346
199446.0;3562
205413.0;3563
206540.0;3564
206737.0;3565
205380.0;3566
201320.0;3566
197921.0;3566
199016.0;3567
205659.0;3568
204101.0;3568
201095.0;3568
202097.0;3569
115187.0;3570
201926.0;3571
204396.0;3572
196976.0;3573
203902.0;3313
201041.0;3313
201003.0;3574
199800.0;3575
202412.0;3312
203894.0;3312
115605.0;3570
115455.0;3570
200738.0;3576
114316.0;3577
114779.0;3577
114270.0;3577
202358.0;3578
200877.0;3579
203274.0;3579
115418.0;2869
113009.0;3580
115812.0;3581
114257.0;3581
201878.0;3582
201816.0;3176
204214.0;3583
200399.0;3584
201668.0;3585
203536.0;3585
202219.0;3586
207769.0;3587
207956.0;3587
205793.0;3588
114777.0;3589
115412.0;3590
200145.0;3591
114315.0;3592
204079.0;3593
198838.0;3587
197987.0;3594
199849.0;3595
201029.0;3587
201666.0;3596
200841.0;3597
203237.0;3593
198893.0;3187
203325.0;3598
201808.0;3599
198191.0;3600
114930.0;3601
206640.0;3048
204919.0;3602
207277.0;3603
206879.0;3048
197493.0;3048
207537.0;3604
200021.0;3603
199702.0;3605
200850.0;3603
204814.0;3603
206431.0;3319
199211.0;3319
202735.0;3585
202348.0;3606
197415.0;3607
204985.0;3607
205691.0;3607
115662.0;3608
114770.0;3608
206331.0;3609
115644.0;3608
202043.0;3610
200990.0;3611
205351.0;3612
200259.0;3613
206630.0;3613
203298.0;3614
202858.0;3615
114761.0;3616
200607.0;2932
199497.0;2932
201235.0;2932
200899.0;2932
206170.0;2932
205552.0;2932
201712.0;3617
202311.0;3618
203396.0;3619
202871.0;2927
200404.0;3620
199365.0;3521
208351.0;3521
206898.0;3621
114903.0;3622
114205.0;3540
205657.0;3623
208519.0;3624
201600.0;3625
201106.0;3541
200545.0;3541
198540.0;3626
197685.0;3627
202812.0;3628
200190.0;3628
198799.0;3628
197970.0;3629
199706.0;3630
200822.0;3629
200030.0;3630
198946.0;3630
199507.0;3630
197009.0;3630
202963.0;3630
204095.0;3631
198298.0;3632
204045.0;3633
203913.0;2727
199409.0;2727
206896.0;3634
203282.0;3542
202040.0;3542
199292.0;3542
206285.0;3542
205975.0;3542
204583.0;3542
198958.0;3542
198605.0;3542
